,CHILD,SEX,DOB,ETHNIC,UPN,MOTHER,MC_DOB
0,398768,2,1999-12-17,BCRB,B097131712320,1.0,1999-12-17
1,296227,2,2002-06-23,NOBT,R056024362409,,2002-06-23
2,868699,2,1999-04-12,BOTH,X090802290579,,1999-04-12
3,640353,1,2004-02-19,REFU,Z053273524673,,2004-02-19
4,180638,1,1999-06-28,NOBT,B090170554312,,1999-06-28
5,62551,2,2005-03-18,OOTH,R084010198416,,2005-03-18
6,438762,1,2008-08-15,ABAN,H059033989380,,2008-08-15
7,185992,2,2009-07-29,BAFR,U054252063976,,2009-07-29
8,532130,1,2009-07-24,APKN,H071379593570,,2009-07-24
9,671161,2,2003-04-09,MWBC,Y017489791737,,2003-04-09
10,880317,1,2005-10-27,BAFR,W088439505876,,2005-10-27
11,828936,2,2007-09-27,MOTH,D066329546107,,2007-09-27
12,604967,2,2004-04-06,BOTH,O007460030977,,2004-04-06
13,775405,1,1999-05-04,WROM,F044100957776,,1999-05-04
14,286807,1,2002-01-24,MWBA,V042263162360,,2002-01-24
15,521525,1,2002-06-13,REFU,N070571845496,,2002-06-13
16,225242,2,2005-11-27,AIND,E024501213825,,2005-11-27
17,158853,2,2008-04-11,WBRI,E043584864318,,2008-04-11
18,97679,1,2007-09-02,NOBT,F031422321568,,2007-09-02
19,295982,1,2009-02-21,MWBC,T051788328004,,2009-02-21
20,426648,1,2001-10-16,MOTH,R063029707492,,2001-10-16
21,389248,2,2001-02-02,REFU,J040780121614,,2001-02-02
22,501350,1,2003-04-10,ABAN,A074466676282,,2003-04-10
23,397815,1,2000-04-27,MWAS,T065572515321,,2000-04-27
24,972102,1,1999-06-18,AIND,K005714846118,,1999-06-18
25,53693,1,2007-12-28,MWBA,E072016439902,,2007-12-28
26,168196,1,2009-10-12,APKN,L066695746570,,2009-10-12
27,568347,1,2004-10-04,BOTH,N003834296284,,2004-10-04
28,637234,2,2006-08-07,APKN,G014513081279,,2006-08-07
29,406894,2,2002-08-15,ABAN,V019456276394,,2002-08-15
30,58470,2,2004-05-28,AIND,F008851001771,,2004-05-28
31,251367,2,2007-11-25,MWBA,B006304304068,,2007-11-25
32,452400,2,2001-09-20,BAFR,K000821570985,,2001-09-20
33,680750,1,2009-02-19,BAFR,K042219112852,,2009-02-19
34,738595,1,2000-07-20,WOTH,X002342828700,,2000-07-20
35,319688,2,2004-12-05,WROM,D024316977511,,2004-12-05
36,96860,1,2007-11-17,WOTH,D071452210331,,2007-11-17
37,305719,1,2004-01-18,NOBT,R035256603581,,2004-01-18
38,721638,2,2009-07-03,WIRT,G008792854228,,2009-07-03
39,91,2,1999-10-19,MOTH,W064737016429,,1999-10-19
40,257140,2,2002-04-04,WIRT,W036560084636,,2002-04-04
41,987589,2,2009-05-09,WIRT,G078076443510,,2009-05-09
42,525420,1,2009-12-12,WOTH,R041861435456,,2009-12-12
43,911186,2,2009-03-16,MWBC,Q089156427066,,2009-03-16
44,711196,2,2005-07-17,APKN,D043851960232,,2005-07-17
45,533550,2,2000-04-13,WBRI,A062730026530,,2000-04-13
46,370565,2,2009-05-11,CHNE,I047419005346,,2009-05-11
47,863772,2,2006-03-10,ABAN,V097664376738,,2006-03-10
48,515339,1,2005-11-10,BCRB,S016112573169,,2005-11-10
49,733166,2,2005-01-15,NOBT,N091451139698,,2005-01-15
50,569911,1,2000-03-01,REFU,M021650258848,,2000-03-01
51,289653,1,2001-12-29,WIRT,A048478311268,,2001-12-29
52,944392,1,2005-04-16,AOTH,Y028052828138,,2005-04-16
53,457493,2,2007-06-09,WOTH,T049797830770,,2007-06-09
54,59536,1,2001-01-05,NOBT,R005482628546,,2001-01-05
55,447903,1,2007-03-19,MWAS,Q013754822945,,2007-03-19
56,230591,2,2009-04-15,MWBC,A067433156499,,2009-04-15
57,92629,1,2006-07-31,WROM,L042232277738,,2006-07-31
58,52040,1,2004-10-21,WIRT,O050253438912,,2004-10-21
59,626490,2,2009-10-03,AIND,U076204007293,,2009-10-03
60,718139,1,2008-12-25,MOTH,Y045825008717,,2008-12-25
61,297509,2,2007-03-21,WIRI,W085698054985,,2007-03-21
62,623826,1,2003-12-30,APKN,E050651948637,,2003-12-30
63,934454,1,2001-06-07,OOTH,V030401216782,,2001-06-07
64,955207,1,2008-10-22,OOTH,W018324324781,,2008-10-22
65,521749,1,2005-11-17,BAFR,Z078480542435,,2005-11-17
66,158809,2,2006-09-19,WROM,I080683999830,,2006-09-19
67,344070,2,2007-09-09,WIRT,Z012405551068,,2007-09-09
68,207288,2,2007-10-28,BCRB,B068323705724,,2007-10-28
69,161229,1,2000-02-05,OOTH,E000238518237,,2000-02-05
70,420870,2,2005-09-13,WIRI,S036567914789,,2005-09-13
71,115396,1,2001-06-09,AIND,M051241019272,,2001-06-09
72,748243,1,2007-10-01,AIND,W059468322032,,2007-10-01
73,686067,1,2007-03-07,OOTH,B011159170354,,2007-03-07
74,913259,2,2008-05-31,BCRB,X023146595366,,2008-05-31
75,933616,1,2007-11-28,NOBT,K006758923828,,2007-11-28
76,600195,1,2005-04-09,BCRB,U076996251385,,2005-04-09
77,306047,2,2004-03-19,BAFR,F012237338335,,2004-03-19
78,391802,2,2005-10-24,NOBT,K098261662219,,2005-10-24
79,227758,1,2003-04-23,MWBC,R052046819237,,2003-04-23
80,276736,1,2002-03-27,WROM,S087282221661,,2002-03-27
81,184159,1,2007-09-19,BOTH,D099660751122,,2007-09-19
82,355263,1,2004-06-11,BAFR,Z080204631746,,2004-06-11
83,545261,1,2006-12-14,WIRI,H042028194278,,2006-12-14
84,814528,1,2004-07-17,REFU,I011102004022,,2004-07-17
85,911317,2,2002-04-13,AIND,K027090584965,,2002-04-13
86,410686,2,2009-10-08,BOTH,A002309333724,,2009-10-08
87,853131,2,2003-08-01,AIND,N022790217123,,2003-08-01
88,830787,1,2003-11-17,WBRI,B040909196751,,2003-11-17
89,243537,2,2006-01-17,OOTH,H085633752004,,2006-01-17
90,453076,2,1999-08-04,BAFR,R023908095692,,1999-08-04
91,461710,2,2007-12-31,BOTH,P062214076854,,2007-12-31
92,300407,1,2009-01-05,BCRB,D037909529175,,2009-01-05
93,769010,1,1999-06-30,BCRB,Q061501130934,,1999-06-30
94,439481,2,2007-04-17,WBRI,J016387031321,,2007-04-17
95,679389,2,2001-02-16,OOTH,H076299840233,,2001-02-16
96,80405,1,2008-11-06,WIRT,X086610882498,,2008-11-06
97,259754,1,2007-05-02,MOTH,X012605454287,,2007-05-02
98,451430,1,2002-06-05,WBRI,C006644338139,,2002-06-05
99,92498,2,2007-07-04,BOTH,A069012276303,,2007-07-04
100,536499,2,2002-02-15,MWAS,V099394504485,,2002-02-15
101,248000,1,2001-11-06,BAFR,G055261055087,,2001-11-06
102,376839,1,2004-06-16,OOTH,F088570680239,,2004-06-16
103,585985,1,2002-08-02,CHNE,R016961879461,,2002-08-02
104,458146,2,2000-12-11,WOTH,Y093791936878,,2000-12-11
105,115810,1,2008-11-03,BCRB,J036726362111,,2008-11-03
106,700392,2,2008-08-07,MOTH,Z051414404651,,2008-08-07
107,336438,2,2003-05-27,BOTH,Y034668472441,,2003-05-27
108,260471,1,2002-03-17,AOTH,J031376199335,,2002-03-17
109,300991,1,2001-01-27,APKN,J064396537844,,2001-01-27
110,631002,2,2000-11-24,WIRT,G099305176452,,2000-11-24
111,531616,1,2001-09-30,APKN,H052678878193,,2001-09-30
112,221025,2,2004-04-29,NOBT,Y048619013809,,2004-04-29
113,725812,2,2006-11-21,WBRI,P002971600776,,2006-11-21
114,904092,2,2005-06-20,REFU,Y067126633030,,2005-06-20
115,735996,1,2007-10-05,WROM,C009844470867,,2007-10-05
116,814676,2,2002-02-21,MOTH,L051308299899,,2002-02-21
117,424048,2,2004-04-28,WIRI,K052262191905,,2004-04-28
118,502939,1,2005-07-08,AOTH,J006324372711,,2005-07-08
119,955390,1,2005-09-03,CHNE,M053319012692,,2005-09-03
120,535258,1,2009-01-24,WIRT,Y042695356004,,2009-01-24
121,536074,2,2008-11-05,WIRI,O071080534225,,2008-11-05
122,504825,1,2008-10-02,APKN,X022195043820,,2008-10-02
123,731959,2,2007-09-29,WOTH,R061705640248,,2007-09-29
124,115869,1,2006-08-06,NOBT,M027788110997,,2006-08-06
125,370716,1,2009-07-21,WOTH,S085294584266,,2009-07-21
126,48420,1,2003-07-31,MWBA,J058349679443,,2003-07-31
127,279171,1,2008-01-15,MOTH,Y090960052228,,2008-01-15
128,313400,1,2009-10-29,MWAS,B064524277727,,2009-10-29
129,99151,1,2005-12-27,REFU,V026071191052,,2005-12-27
130,663628,1,2007-08-12,ABAN,T020340283971,,2007-08-12
131,87408,2,2005-01-09,MOTH,P019403841816,,2005-01-09
132,332604,1,2002-09-08,MWAS,Y089693361499,,2002-09-08
133,204727,1,2006-03-17,APKN,X017180369396,,2006-03-17
134,268672,1,2006-01-02,WROM,Y086738866933,,2006-01-02
135,874935,2,1999-12-11,BCRB,F015418964151,,1999-12-11
136,872667,2,2006-09-26,ABAN,Y072060183409,,2006-09-26
137,200216,1,2007-04-20,WBRI,E034112483408,,2007-04-20
138,204635,2,2007-09-19,WBRI,G062312119458,,2007-09-19
139,604939,2,2005-01-25,BCRB,J094995647415,,2005-01-25
140,96146,1,2009-01-28,REFU,M077031628515,,2009-01-28
141,294712,2,2009-12-19,WIRI,V065638224431,,2009-12-19
142,405981,2,2009-06-28,REFU,F037371273514,,2009-06-28
143,472738,1,2005-10-09,OOTH,M025668792766,,2005-10-09
144,511908,2,2006-08-18,APKN,U063543208773,,2006-08-18
145,993726,2,2001-02-18,ABAN,M028925757624,,2001-02-18
146,23961,2,2003-03-15,BOTH,E076873546996,,2003-03-15
147,753062,2,2008-06-24,MWAS,L079632235794,,2008-06-24
148,562913,1,2002-01-21,WOTH,X072942545850,,2002-01-21
149,533297,1,2007-08-17,AOTH,N090041216254,,2007-08-17
150,704877,1,2000-07-15,WIRT,K094569734387,,2000-07-15
151,862146,2,2006-08-02,APKN,T040866019829,,2006-08-02
152,2351,1,2003-07-19,NOBT,H073568167382,,2003-07-19
153,682527,1,2008-04-22,MWAS,X052722440351,,2008-04-22
154,121280,1,1999-07-19,WIRI,D030231193036,,1999-07-19
155,404747,2,2005-12-29,WOTH,M083923061390,,2005-12-29
156,923340,1,2000-07-01,MWAS,A069379035262,,2000-07-01
157,280577,1,2007-11-21,WBRI,A088291693314,,2007-11-21
158,274248,2,2005-06-12,AIND,W096544617608,,2005-06-12
159,303075,1,2006-11-13,ABAN,P098055642543,,2006-11-13
160,610915,2,2009-06-08,MWAS,P015990734856,,2009-06-08
161,340899,1,2001-05-10,WIRT,H063323829962,,2001-05-10
162,937777,2,2005-09-13,ABAN,N007572513278,,2005-09-13
163,543554,1,2003-03-21,NOBT,Z076585454920,,2003-03-21
164,442009,2,2004-02-17,NOBT,B000162331256,,2004-02-17
165,557029,2,2007-01-04,AIND,T099634773040,,2007-01-04
166,479556,1,2006-04-15,MWBA,A054171871308,,2006-04-15
167,956819,1,2002-11-15,REFU,R003625207297,,2002-11-15
168,673109,1,2000-10-06,WOTH,Q032699198676,,2000-10-06
169,547599,2,2007-02-25,WIRT,U097381237789,,2007-02-25
170,506970,1,2009-12-18,BAFR,E076150921231,,2009-12-18
171,755557,1,2006-07-04,MWBA,W060945154163,,2006-07-04
172,745426,2,2007-10-03,APKN,Q051556941170,,2007-10-03
173,245211,2,1999-06-12,MWAS,L069859292345,,1999-06-12
174,787415,1,2004-04-12,MWBC,C053014138768,,2004-04-12
175,43061,2,2005-07-05,BOTH,N095049339604,,2005-07-05
176,926516,1,2006-03-08,MWBA,G054658168071,,2006-03-08
177,230147,2,2005-06-15,BAFR,E096082708682,,2005-06-15
178,462241,1,2003-07-09,NOBT,O059307399715,,2003-07-09
179,975420,1,2004-08-20,MOTH,J055469316479,,2004-08-20
180,213931,2,2002-06-21,BCRB,N011095490793,,2002-06-21
181,137108,2,2004-04-01,NOBT,B021158724772,,2004-04-01
182,83267,1,1999-06-10,BAFR,O032156368069,,1999-06-10
183,365497,1,2009-01-08,ABAN,B088648905633,,2009-01-08
184,737153,1,2003-05-31,WOTH,S091529097102,,2003-05-31
185,464233,1,2005-03-31,WIRT,Z026566439651,,2005-03-31
186,774643,2,2006-06-27,MWAS,Y055033091670,,2006-06-27
187,994928,1,2005-02-01,WROM,G039321116055,,2005-02-01
188,694959,1,2008-09-11,MWAS,Z092594109024,,2008-09-11
189,248635,2,2001-10-30,BAFR,O075790678196,,2001-10-30
190,172422,2,2000-02-23,CHNE,O098601897148,,2000-02-23
191,513331,1,2009-10-11,WIRT,U062830585128,,2009-10-11
192,876949,1,2001-03-11,AIND,A055109283182,,2001-03-11
193,505453,1,2009-08-04,ABAN,O011128357749,,2009-08-04
194,667777,1,1999-11-02,WOTH,C090647341034,,1999-11-02
195,311627,1,2001-02-25,MWBC,M096485943580,,2001-02-25
196,842080,2,2007-05-14,WROM,E036647976521,,2007-05-14
197,927421,2,2007-03-19,ABAN,L096634408111,,2007-03-19
198,643340,1,2004-04-12,WIRT,B025161806306,,2004-04-12
199,725070,1,2000-10-06,WIRT,Q035091471040,,2000-10-06
200,550940,1,2004-07-11,BCRB,R034294505579,,2004-07-11
201,155620,2,2004-09-19,OOTH,A001366054712,,2004-09-19
202,386356,1,2008-08-23,BAFR,H047853649807,,2008-08-23
203,365512,2,2001-02-11,MOTH,Q071750813981,,2001-02-11
204,635687,1,2004-10-25,AIND,J067297367919,,2004-10-25
205,428775,1,2005-03-18,AIND,O074379008676,,2005-03-18
206,261427,1,1999-06-16,WBRI,E055507914008,,1999-06-16
207,291083,2,2006-08-10,MWBA,M090388820257,,2006-08-10
208,673034,2,2008-02-12,MWAS,H057704240760,,2008-02-12
209,6727,2,2004-08-11,WROM,W054584543873,,2004-08-11
210,179822,2,1999-05-07,MOTH,F071912162971,,1999-05-07
211,814038,2,2007-01-09,MWAS,X044981123816,,2007-01-09
212,422444,2,2001-11-30,OOTH,M097328773264,,2001-11-30
213,765381,2,2006-04-14,OOTH,Q069019824326,,2006-04-14
214,742220,2,2000-09-24,BAFR,M014519228329,,2000-09-24
215,280524,1,2003-12-24,MWBC,G083032692351,,2003-12-24
216,318887,1,2002-09-07,WROM,K044405090237,,2002-09-07
217,5955,1,2009-08-19,BAFR,J068827775173,,2009-08-19
218,781863,1,2002-04-02,WBRI,Y066761025102,,2002-04-02
219,99273,1,2005-07-03,REFU,Y085151664331,,2005-07-03
220,775675,2,2006-04-02,BOTH,J070382886759,,2006-04-02
221,800588,1,2001-12-04,BOTH,B098026740716,,2001-12-04
222,347253,2,2000-11-29,REFU,U091574097544,,2000-11-29
223,140405,1,2008-03-02,NOBT,X024963182164,,2008-03-02
224,753090,1,2009-12-26,MWBC,N074041046350,,2009-12-26
225,27053,2,2007-02-21,BAFR,K056545700564,,2007-02-21
226,230761,1,2001-08-24,BOTH,Z002393756432,,2001-08-24
227,610489,2,2006-05-24,APKN,T037978312243,,2006-05-24
228,719836,2,2005-07-30,BAFR,V088817270605,,2005-07-30
229,369768,2,2000-02-03,AOTH,L045537020009,,2000-02-03
230,628500,1,2000-09-07,WBRI,I060079204878,,2000-09-07
231,397940,2,2005-03-17,AOTH,T080178625463,,2005-03-17
232,211806,2,2002-07-28,WIRI,G079315831333,,2002-07-28
233,991189,1,2006-05-20,WBRI,S015033405894,,2006-05-20
234,70568,1,2000-08-05,NOBT,Z054840334203,,2000-08-05
235,472130,1,2004-02-04,MWBA,B023555825835,,2004-02-04
236,396741,1,2003-09-20,BOTH,Y040211971613,,2003-09-20
237,677730,2,2000-01-05,BCRB,I080800546858,,2000-01-05
238,261597,1,2006-01-05,WIRI,I083713247408,,2006-01-05
239,942534,2,2009-09-19,MWAS,R040767669795,,2009-09-19
240,37452,2,2005-06-05,BCRB,X064501631528,,2005-06-05
241,210846,2,2007-11-09,WOTH,A011305635661,,2007-11-09
242,187276,1,2006-09-02,AOTH,A030266826026,,2006-09-02
243,293925,1,2000-12-26,ABAN,U067044939862,,2000-12-26
244,716651,1,2009-11-14,AIND,L008065103647,,2009-11-14
245,690022,1,2002-05-13,MOTH,Q090506719697,,2002-05-13
246,171369,2,2001-07-29,ABAN,K086104209748,,2001-07-29
247,13086,1,2005-06-29,WIRT,W066249558267,,2005-06-29
248,812221,2,2006-08-10,APKN,V003349657697,,2006-08-10
249,70974,2,2008-12-22,MOTH,W043187278370,,2008-12-22
250,972733,1,2008-05-06,MWAS,L074293376676,,2008-05-06
251,489455,2,2008-08-31,OOTH,F011477533389,,2008-08-31
252,211309,1,2004-11-07,MWAS,T048741222233,,2004-11-07
253,359195,2,2009-02-09,AIND,I038100633233,,2009-02-09
254,159447,2,2008-12-08,OOTH,B013886067330,,2008-12-08
255,352274,1,2000-10-02,BOTH,F059320444035,,2000-10-02
256,922154,1,2009-08-26,MWBA,U016943860805,,2009-08-26
257,980455,2,2005-11-03,APKN,H050943333600,,2005-11-03
258,418846,1,2009-08-26,APKN,Y083756633299,,2009-08-26
259,893365,2,2003-09-06,MOTH,B069232251370,,2003-09-06
260,831429,2,2009-12-26,OOTH,P085918211744,,2009-12-26
261,57648,1,2008-09-02,NOBT,E078333898249,,2008-09-02
262,315859,2,2000-07-27,WIRT,K069467004274,,2000-07-27
263,484400,1,2003-04-22,CHNE,B067536638464,,2003-04-22
264,372110,2,2000-03-16,BCRB,D087222616588,,2000-03-16
265,539670,2,2008-04-14,WBRI,G075411589743,,2008-04-14
266,579068,2,2002-11-06,OOTH,A042666227730,,2002-11-06
267,1656,1,2006-01-25,WBRI,J085527718559,,2006-01-25
268,662834,2,2004-09-05,MWAS,B027846515086,,2004-09-05
269,679089,1,2001-07-23,WIRI,M018282532437,,2001-07-23
270,978525,2,2008-10-04,AOTH,J036970451018,,2008-10-04
271,257705,2,2007-03-06,WROM,K096643170384,,2007-03-06
272,411707,2,2008-10-28,MOTH,A077301877588,,2008-10-28
273,534005,2,2000-05-14,APKN,D073152340737,,2000-05-14
274,103114,2,2006-05-16,MWBA,K005912181735,,2006-05-16
275,414521,2,2009-10-14,CHNE,I073964300941,,2009-10-14
276,268322,2,2008-01-26,ABAN,V097603943730,,2008-01-26
277,777424,1,2005-11-05,BOTH,X064236256900,,2005-11-05
278,127407,1,2002-08-21,APKN,A052987002851,,2002-08-21
279,388154,2,2008-06-11,BOTH,V023158284458,,2008-06-11
280,371371,1,2008-08-09,OOTH,X009624492333,,2008-08-09
281,227488,2,2004-08-11,MWBC,I034975157626,,2004-08-11
282,279660,2,2009-02-09,OOTH,U097932615128,,2009-02-09
283,481088,1,2006-02-28,CHNE,K088832986703,,2006-02-28
284,629831,2,2007-10-04,BAFR,J093468576125,,2007-10-04
285,766270,1,2002-02-09,MWBC,E003704228614,,2002-02-09
286,800491,2,2008-07-05,BAFR,X013500857289,,2008-07-05
287,59087,2,2009-06-17,REFU,A061919291284,,2009-06-17
288,750487,2,2003-06-11,CHNE,H029935423528,,2003-06-11
289,63975,2,2006-12-09,CHNE,N003600836325,,2006-12-09
290,309114,2,2006-09-10,WIRI,U015441057702,,2006-09-10
291,53927,2,2006-01-25,WOTH,D098398624737,,2006-01-25
292,814280,2,2008-10-01,MWBA,S066329313940,,2008-10-01
293,460752,2,2008-11-14,OOTH,R089951240129,,2008-11-14
294,460574,1,2002-12-24,MOTH,D086331036644,,2002-12-24
295,64233,1,2005-12-22,WBRI,C046327036819,,2005-12-22
296,284120,1,2009-05-25,WOTH,Q075356713877,,2009-05-25
297,856877,1,2002-05-18,CHNE,A011289375847,,2002-05-18
298,546042,1,2003-06-12,WROM,T072999949937,,2003-06-12
299,425538,1,2009-08-23,WROM,M095814341035,,2009-08-23
300,584620,1,2000-12-14,MWAS,A096094318072,,2000-12-14
301,851516,2,1999-09-29,ABAN,E080591591822,,1999-09-29
302,164592,2,2004-10-03,MOTH,D061467442844,,2004-10-03
303,519,1,2002-03-26,AOTH,Z083151961630,,2002-03-26
304,75578,1,2001-06-20,BAFR,U049087631928,,2001-06-20
305,838434,2,2006-07-12,CHNE,J082515354925,,2006-07-12
306,325007,1,2009-12-06,CHNE,H052060460155,,2009-12-06
307,980483,2,2006-11-15,AOTH,Y097796767275,,2006-11-15
308,604396,2,1999-04-26,AOTH,X027037450585,,1999-04-26
309,290,2,2000-11-13,MWBC,S077270991828,,2000-11-13
310,294875,1,2004-03-01,MWBA,F062141812188,,2004-03-01
311,241130,2,2003-06-24,APKN,H093638760269,,2003-06-24
312,502148,1,2001-10-05,OOTH,F010072921303,,2001-10-05
313,411555,1,2001-04-28,MWBA,G063125093680,,2001-04-28
314,172092,1,1999-07-01,BCRB,G027846881849,,1999-07-01
315,667440,2,1999-10-08,WROM,O067564394193,,1999-10-08
316,895808,1,2009-01-26,BAFR,G000052982093,,2009-01-26
317,740561,2,2006-12-21,BOTH,E059209051247,,2006-12-21
318,793208,2,1999-04-27,BCRB,P004006121251,,1999-04-27
319,364661,2,2000-07-21,BAFR,R067471644448,,2000-07-21
320,454546,1,2009-03-25,MOTH,G083815330215,,2009-03-25
321,876799,1,2002-02-02,MWBA,V006916890281,,2002-02-02
322,812096,2,2008-06-04,MWBA,W055040635331,,2008-06-04
323,890271,2,1999-07-09,OOTH,C082502442296,,1999-07-09
324,546571,2,2003-05-04,NOBT,O097325077435,,2003-05-04
325,444178,1,2000-09-22,BCRB,H068748435289,,2000-09-22
326,446453,1,2007-08-19,MWAS,O060088226723,,2007-08-19
327,621603,1,1999-08-16,BAFR,R029557881802,,1999-08-16
328,275069,2,2008-02-21,REFU,C047233588915,,2008-02-21
329,216649,2,2004-04-22,WIRT,M094850983577,,2004-04-22
330,579001,1,2006-10-23,WROM,V075376052261,,2006-10-23
331,962525,1,2001-04-25,BCRB,K084261307548,,2001-04-25
332,625998,2,2003-07-06,BOTH,M070449482970,,2003-07-06
333,532196,1,2005-06-24,AIND,Q016288789597,,2005-06-24
334,549349,1,2005-05-14,NOBT,Y037398738157,,2005-05-14
335,852739,1,2007-02-22,WBRI,S084266748184,,2007-02-22
336,149412,2,2007-11-16,BCRB,V042380038652,,2007-11-16
337,417910,1,2001-07-01,MOTH,Z051805894237,,2001-07-01
338,916945,2,2001-07-04,NOBT,O029214693845,,2001-07-04
339,518169,1,1999-04-19,BAFR,G013456598481,,1999-04-19
340,755819,2,2008-08-30,CHNE,C098641532391,,2008-08-30
341,162049,1,2008-04-05,OOTH,U075088365759,,2008-04-05
342,744111,2,1999-10-07,APKN,H008433024207,,1999-10-07
343,282989,1,2009-10-22,BOTH,O012221421828,,2009-10-22
344,818828,2,2000-12-27,WIRI,P084109199756,,2000-12-27
345,675419,1,2005-03-06,AIND,X017327609833,,2005-03-06
346,152230,1,2008-06-23,MWAS,L055382525385,,2008-06-23
347,970280,2,2007-07-02,NOBT,E037689757645,,2007-07-02
348,948155,1,2006-11-25,WIRI,N057905873205,,2006-11-25
349,544632,1,2000-04-08,AIND,I003960568634,,2000-04-08
350,397023,2,2003-02-24,OOTH,W009792898792,,2003-02-24
351,438930,1,2006-10-11,WIRI,I076412613455,,2006-10-11
352,208073,1,1999-04-27,REFU,S006753743328,,1999-04-27
353,923920,1,2000-07-30,ABAN,W014653132554,,2000-07-30
354,824525,2,2000-06-24,OOTH,X029365343856,,2000-06-24
355,422617,2,2005-07-08,NOBT,F001088721722,,2005-07-08
356,153964,1,2004-11-26,AOTH,O003574313445,,2004-11-26
357,272687,2,2006-09-30,REFU,I071335746933,,2006-09-30
358,707054,1,2004-07-29,REFU,D026903151571,,2004-07-29
359,536218,1,2009-07-25,OOTH,B080852841567,,2009-07-25
360,289373,1,2008-10-30,APKN,E085422999763,,2008-10-30
361,709655,1,2006-05-17,ABAN,R067442039196,,2006-05-17
362,871945,1,2006-01-22,APKN,L066704408874,,2006-01-22
363,138289,1,1999-09-26,WROM,V009054120811,,1999-09-26
364,422413,1,2009-05-15,BCRB,P076509903805,,2009-05-15
365,957444,2,2003-10-31,MOTH,L042682730211,,2003-10-31
366,553116,2,2009-11-05,WBRI,L050987733913,,2009-11-05
367,92150,2,2008-07-31,ABAN,X075537188636,,2008-07-31
368,282067,1,2006-10-13,WBRI,L069288592535,,2006-10-13
369,672530,1,2002-04-02,WBRI,J098196068854,,2002-04-02
370,719756,1,2008-03-27,WOTH,G002637750426,,2008-03-27
371,844369,1,2006-03-24,AIND,U057820454535,,2006-03-24
372,533989,2,2002-11-27,MWAS,K082258907992,,2002-11-27
373,731704,2,2007-12-31,AIND,G012866603948,,2007-12-31
374,236096,2,2008-11-28,MWBA,Y043116630012,,2008-11-28
375,993069,2,2005-08-25,MOTH,D005392752387,,2005-08-25
376,146596,2,2003-11-04,WIRT,T084635363492,,2003-11-04
377,622236,2,2008-08-26,REFU,K016113843897,,2008-08-26
378,46269,2,2009-11-23,REFU,G040660869968,,2009-11-23
379,865691,2,2003-12-13,MWAS,M079679871033,,2003-12-13
380,324051,2,2005-11-02,MWBA,X029965769702,,2005-11-02
381,717291,1,2008-05-10,WBRI,R043830567316,,2008-05-10
382,593379,1,2002-09-09,NOBT,R002150782342,,2002-09-09
383,814378,2,2000-08-16,AIND,T034688987368,,2000-08-16
384,905870,1,2002-05-24,BCRB,M000534024714,,2002-05-24
385,342559,1,2000-07-23,ABAN,P017738656038,,2000-07-23
386,882477,2,2001-07-03,MWBA,E021167971628,,2001-07-03
387,828730,2,2003-07-16,CHNE,W031091763501,,2003-07-16
388,278501,2,2009-01-20,WROM,R014360234551,,2009-01-20
389,768841,2,2005-02-20,MWBC,M080810115808,,2005-02-20
390,666948,2,2002-10-31,BOTH,U071041791144,,2002-10-31
391,140302,1,2004-03-16,WIRI,Q043462748535,,2004-03-16
392,438335,1,2009-07-07,OOTH,S049196704737,,2009-07-07
393,122983,1,2006-03-09,AOTH,R029520689140,,2006-03-09
394,516144,1,2005-11-20,MWAS,U096866684592,,2005-11-20
395,433741,2,2007-09-05,MWAS,R006732373718,,2007-09-05
396,109036,2,2004-09-22,OOTH,C023816763637,,2004-09-22
397,163651,2,2004-10-09,REFU,X069070010265,,2004-10-09
398,900357,1,2006-04-01,WROM,E074899989490,,2006-04-01
399,506195,2,1999-08-24,WIRI,P049921630292,,1999-08-24
400,909227,2,2003-01-16,REFU,A008603382963,,2003-01-16
401,519059,1,2005-08-14,MOTH,L062252004368,,2005-08-14
402,524792,2,2002-02-04,WBRI,E021074591147,,2002-02-04
403,512334,2,2006-08-09,MWAS,I004115279608,,2006-08-09
404,625116,2,2008-02-16,MWAS,M043488667151,,2008-02-16
405,653400,1,2001-06-03,WIRT,U041817259633,,2001-06-03
406,288164,1,2007-09-28,BOTH,O051544951413,,2007-09-28
407,283412,2,2007-03-09,WIRT,A082443445350,,2007-03-09
408,5185,1,2006-04-02,MWBC,J014318194952,,2006-04-02
409,937220,2,2008-06-04,OOTH,S084967372908,,2008-06-04
410,576170,2,2007-10-04,WOTH,R037672110195,,2007-10-04
411,665330,1,2009-06-26,APKN,H033566864014,,2009-06-26
412,554262,1,2009-09-20,ABAN,I022265318790,,2009-09-20
413,42306,2,2002-09-20,REFU,Z048415637684,,2002-09-20
414,9522,2,2000-07-17,WIRI,L078466270392,,2000-07-17
415,915936,2,2004-08-05,OOTH,F095226787406,,2004-08-05
416,975846,2,2004-08-23,MWBC,F097785332791,,2004-08-23
417,715090,2,2007-04-16,AIND,Y053926726728,,2007-04-16
418,127822,2,2007-01-14,WIRT,G082529607502,,2007-01-14
419,396544,1,2002-02-12,WIRT,E023838702217,,2002-02-12
420,741403,1,1999-10-16,MWBA,H057850028711,,1999-10-16
421,720102,1,2007-09-07,AIND,N089185129229,,2007-09-07
422,62049,1,2007-02-26,WIRT,V007238896684,,2007-02-26
423,180755,1,2005-11-19,BCRB,X015184128838,,2005-11-19
424,259829,2,2008-03-07,ABAN,D065541653600,,2008-03-07
425,662981,2,2009-03-03,MWBA,R090685935512,,2009-03-03
426,675875,1,2005-04-11,WIRT,V045446009442,,2005-04-11
427,485365,1,1999-11-27,MWBC,Y026071819925,,1999-11-27
428,34572,2,2008-09-17,BCRB,B055762752526,,2008-09-17
429,161955,1,2009-01-13,WBRI,V009092646622,,2009-01-13
430,906009,1,2002-07-17,WIRT,A088402234490,,2002-07-17
431,616437,1,2004-12-14,APKN,G081565732555,,2004-12-14
432,983950,2,2000-03-24,NOBT,U045415744867,,2000-03-24
433,137924,2,2007-04-30,WIRT,X002293765031,,2007-04-30
434,947035,1,2000-02-20,WROM,J063296501389,,2000-02-20
435,580909,1,2005-07-03,MWAS,J037685050373,,2005-07-03
436,32517,2,2002-06-26,AOTH,H051792913503,,2002-06-26
437,741598,2,2001-09-15,AIND,Q016150865898,,2001-09-15
438,986890,2,2003-10-23,MOTH,N012106758458,,2003-10-23
439,625004,1,2008-03-15,WROM,F011614995802,,2008-03-15
440,897460,2,2008-08-10,OOTH,T088461658807,,2008-08-10
441,951716,1,2007-02-01,WOTH,H028653313898,,2007-02-01
442,563451,1,2006-07-19,WIRT,E047436963737,,2006-07-19
443,311255,2,2009-08-26,NOBT,G003904541844,,2009-08-26
444,601190,1,2007-04-03,APKN,Y054967331703,,2007-04-03
445,312018,2,1999-08-25,BAFR,K028797197391,,1999-08-25
446,380785,1,2002-05-24,MWAS,G034335870033,,2002-05-24
447,871541,2,2009-08-22,OOTH,B079212267334,,2009-08-22
448,261119,1,2007-07-14,BAFR,P072930722481,,2007-07-14
449,152946,1,2005-10-12,WROM,B083355176801,,2005-10-12
450,778189,2,2002-09-04,AOTH,R036876616149,,2002-09-04
451,948010,1,2006-11-18,WROM,Y089162837635,,2006-11-18
452,53639,2,2001-01-17,CHNE,B008138222402,,2001-01-17
453,282921,1,2009-07-15,OOTH,M027837427588,,2009-07-15
454,992331,2,2006-01-05,BAFR,Q000523888240,,2006-01-05
455,244657,2,2002-04-23,WBRI,H060707288819,,2002-04-23
456,288912,1,2006-03-10,WROM,N048941650550,,2006-03-10
457,647811,1,2006-05-24,MOTH,Y003283235498,,2006-05-24
458,822010,1,2003-01-19,WROM,X093091750132,,2003-01-19
459,401650,2,2006-10-15,WBRI,M063490821928,,2006-10-15
460,982048,2,2008-10-01,WIRI,S018835213408,,2008-10-01
461,109200,2,2008-08-09,ABAN,N053378718909,,2008-08-09
462,939948,1,1999-11-15,OOTH,D012188242383,,1999-11-15
463,77296,1,2007-06-30,REFU,R059449166410,,2007-06-30
464,583209,1,2009-07-02,WROM,H031895823080,,2009-07-02
465,193201,1,2005-02-07,MOTH,C001703711126,,2005-02-07
466,582902,1,2006-02-13,APKN,A010069569335,,2006-02-13
467,942509,1,2006-02-05,MWAS,B053854775398,,2006-02-05
468,73142,1,2006-04-14,WROM,B090324946866,,2006-04-14
469,817309,1,2005-07-12,BAFR,I081122421994,,2005-07-12
470,269791,1,2001-08-07,AOTH,P089499978552,,2001-08-07
471,947752,2,2006-02-15,AIND,T003700624866,,2006-02-15
472,472494,1,2001-11-08,REFU,W075132322719,,2001-11-08
473,893776,1,2002-11-03,AOTH,E090439226140,,2002-11-03
474,871218,2,2005-04-14,MWAS,J041142256325,,2005-04-14
475,978638,1,2005-02-03,WIRI,W042007626395,,2005-02-03
476,994520,1,1999-12-18,ABAN,H007512766791,,1999-12-18
477,617686,2,2006-11-28,BOTH,W073455076868,,2006-11-28
478,19259,2,2007-08-08,WROM,K053655532422,,2007-08-08
479,110350,2,2003-12-14,AIND,M031904257479,,2003-12-14
480,676893,1,2002-08-14,ABAN,F075405406561,,2002-08-14
481,326293,1,2009-08-28,AOTH,H050087712692,,2009-08-28
482,903879,1,2000-02-11,AIND,D027929786093,,2000-02-11
483,549023,2,2005-07-05,APKN,P019900227986,,2005-07-05
484,60122,1,2003-10-17,WIRI,Z057252510554,,2003-10-17
485,213881,2,2007-01-10,BCRB,U083320502940,,2007-01-10
486,288064,1,2000-11-25,MWAS,H028794284724,,2000-11-25
487,984305,2,2002-09-21,MOTH,M032527292790,,2002-09-21
488,118889,2,2004-06-16,BAFR,H073378260636,,2004-06-16
489,783886,1,2007-03-13,WIRT,Q076702560466,,2007-03-13
490,864252,1,2002-03-17,MWBC,H094879522414,,2002-03-17
491,831861,1,2007-02-28,WIRI,A042025448322,,2007-02-28
492,681893,2,2005-10-14,BOTH,B051123714342,,2005-10-14
493,740754,2,2007-12-28,WBRI,L087775437262,,2007-12-28
494,306870,1,2003-10-26,REFU,O001367587323,,2003-10-26
495,96935,1,2002-07-18,CHNE,I062412483276,,2002-07-18
496,729233,2,2007-12-07,OOTH,G004964948238,,2007-12-07
497,804955,1,2006-05-09,REFU,D007056841913,,2006-05-09
498,334368,1,2006-04-03,AIND,L028792298768,,2006-04-03
499,558590,2,2009-08-29,WBRI,W020250502990,,2009-08-29
500,357220,1,2005-07-30,MWBA,X085070923823,,2005-07-30
501,156679,1,2006-03-04,BCRB,H037645540127,,2006-03-04
502,840802,1,2005-12-02,AOTH,O047182337980,,2005-12-02
503,427763,1,2009-09-10,MOTH,W026278043831,,2009-09-10
504,232564,1,2005-06-28,ABAN,Q062449963331,,2005-06-28
505,956636,2,2003-06-04,MWBA,S025285893876,,2003-06-04
506,533183,1,2004-10-23,NOBT,I014564225411,,2004-10-23
507,952289,1,2009-02-15,WBRI,A093384733452,,2009-02-15
508,50020,1,1999-08-31,WBRI,W003389954371,,1999-08-31
509,442750,2,2008-10-20,WIRT,Y053556022495,,2008-10-20
510,773003,1,2006-06-28,NOBT,B057901522761,,2006-06-28
511,959235,2,2003-07-01,BAFR,Z054464683471,,2003-07-01
512,530282,1,2007-04-29,WIRI,G024242807169,,2007-04-29
513,395766,2,2008-07-22,AIND,L055752633696,,2008-07-22
514,584671,2,2008-08-06,ABAN,Q072271036671,,2008-08-06
515,561041,2,1999-06-02,MOTH,A070684008218,,1999-06-02
516,673935,2,2007-11-11,WBRI,L095168493623,,2007-11-11
517,261040,1,2002-11-19,BAFR,T087895671986,,2002-11-19
518,435450,2,2002-04-21,WIRI,S006591523642,,2002-04-21
519,688510,2,2000-09-03,MWBA,V071934912242,,2000-09-03
520,684861,2,2008-10-20,BOTH,P071733871682,,2008-10-20
521,198564,1,2005-10-24,MWAS,P047275123481,,2005-10-24
522,69504,2,2008-06-23,OOTH,E075384745223,,2008-06-23
523,773456,1,2001-10-10,MWAS,E030983162950,,2001-10-10
524,448742,2,2001-06-23,MWAS,A076697046522,,2001-06-23
525,374389,1,2003-06-24,ABAN,V042733144571,,2003-06-24
526,965457,2,2000-06-15,MOTH,D091580550401,,2000-06-15
527,59856,1,2004-01-11,WIRI,I063792289283,,2004-01-11
528,802322,2,1999-11-21,MOTH,Z030990790855,,1999-11-21
529,552541,1,2009-09-23,REFU,G028589653879,,2009-09-23
530,298190,2,2005-03-04,WOTH,O066578018768,,2005-03-04
531,180759,1,2002-04-08,AIND,N000931516549,,2002-04-08
532,373218,2,2009-08-06,WIRT,H032761928047,,2009-08-06
533,289121,1,2006-10-09,AOTH,U090716398126,,2006-10-09
534,116646,2,2005-05-16,BCRB,Z034275681264,,2005-05-16
535,333439,1,2005-08-21,AOTH,S091540637620,,2005-08-21
536,534419,2,1999-11-07,MWBA,P050770842828,,1999-11-07
537,482840,2,2005-01-14,BOTH,A085653112086,,2005-01-14
538,48338,2,2001-05-30,MWBA,Y080945108691,,2001-05-30
539,507322,2,2008-01-04,WIRT,H097482181693,,2008-01-04
540,493904,2,2008-06-27,BOTH,D070136791602,,2008-06-27
541,499567,1,2001-02-20,MOTH,Y019814875489,,2001-02-20
542,724607,2,2003-07-05,BAFR,G047147987374,,2003-07-05
543,850847,2,2003-10-05,APKN,K082991898219,,2003-10-05
544,787064,1,2001-10-05,MWBA,X054946569046,,2001-10-05
545,973661,2,2000-06-10,BAFR,A014163972639,,2000-06-10
546,355602,1,2004-02-13,WBRI,G080686046097,,2004-02-13
547,550204,1,2007-01-18,WBRI,Z026532077112,,2007-01-18
548,311063,1,2009-05-28,WIRT,B007827604339,,2009-05-28
549,218168,2,2004-07-11,MWAS,M058030200934,,2004-07-11
550,877613,1,1999-12-28,MWBA,Z023127418896,,1999-12-28
551,515794,1,2004-07-11,BAFR,Q082542520820,,2004-07-11
552,474201,2,2005-12-30,MOTH,M032516090016,,2005-12-30
553,711540,1,2004-03-30,BAFR,O017666959736,,2004-03-30
554,98444,1,2006-06-29,WIRI,Z061458167893,,2006-06-29
555,204118,2,2001-10-21,AOTH,Y032357673917,,2001-10-21
556,60288,2,2006-07-29,OOTH,Q082280579417,,2006-07-29
557,670407,1,2008-12-15,BCRB,L056690140727,,2008-12-15
558,327334,2,2009-12-07,APKN,Y096852224921,,2009-12-07
559,588661,1,1999-10-24,WIRT,E004418934043,,1999-10-24
560,737726,2,2008-05-17,CHNE,L058670690614,,2008-05-17
561,58309,1,2000-12-30,REFU,V024405324654,,2000-12-30
562,648057,1,2009-06-28,CHNE,R040595683488,,2009-06-28
563,892330,2,2005-08-21,APKN,J034848297206,,2005-08-21
564,866837,1,2002-09-27,OOTH,K098828333896,,2002-09-27
565,905851,2,2006-04-01,REFU,T081707347824,,2006-04-01
566,854826,1,2001-02-12,ABAN,Y057584625644,,2001-02-12
567,659430,2,2003-04-10,AIND,Q064727194396,,2003-04-10
568,264289,1,2007-12-07,REFU,M018860799651,,2007-12-07
569,137917,1,1999-04-26,MWBC,U077502727049,,1999-04-26
570,694922,1,2002-07-19,REFU,P094406480310,,2002-07-19
571,573864,1,2008-02-20,BAFR,Q058358984984,,2008-02-20
572,92821,2,2008-12-29,MWBA,T057874843822,,2008-12-29
573,793347,1,2003-10-17,WOTH,G026331179666,,2003-10-17
574,553848,1,2008-02-22,NOBT,Q011320601641,,2008-02-22
575,87101,2,2007-12-07,MWBA,D020791159791,,2007-12-07
576,255201,1,2007-11-23,WIRT,A001522546263,,2007-11-23
577,4015,1,2003-12-06,NOBT,H085907469081,,2003-12-06
578,998328,1,2004-03-15,AIND,F032614785936,,2004-03-15
579,951969,1,2006-11-02,AOTH,V025993264806,,2006-11-02
580,335413,1,1999-05-09,WIRT,L074073518997,,1999-05-09
581,606708,2,2003-09-18,WOTH,I096058873391,,2003-09-18
582,928597,2,2007-07-29,MOTH,E056717634618,,2007-07-29
583,262711,2,2007-09-14,REFU,S081687881585,,2007-09-14
584,46916,1,2000-01-20,OOTH,A057493096586,,2000-01-20
585,441738,2,2006-09-10,MWAS,K019494509879,,2006-09-10
586,365147,1,2005-08-19,WROM,D054482601413,,2005-08-19
587,850642,2,2006-11-11,MWBA,D016985951833,,2006-11-11
588,336381,1,2007-12-11,REFU,P061591293396,,2007-12-11
589,693410,2,2003-12-24,WIRI,R004144869739,,2003-12-24
590,266902,1,2004-05-02,WROM,N052049038197,,2004-05-02
591,429851,2,2009-12-10,WIRI,F056611049461,,2009-12-10
592,143713,2,1999-09-23,AIND,Z034835288077,,1999-09-23
593,569034,1,1999-12-17,MWAS,E037495455112,,1999-12-17
594,844461,2,2000-11-04,BOTH,H014509840452,,2000-11-04
595,261594,2,2001-12-17,ABAN,H070321813646,,2001-12-17
596,769339,2,2009-09-18,BAFR,B065158472655,,2009-09-18
597,828914,1,2005-01-09,BOTH,G090174302979,,2005-01-09
598,219694,2,2009-06-01,AIND,Q023221822129,,2009-06-01
599,337901,1,2002-07-16,WBRI,C055411730399,,2002-07-16
600,505723,2,2002-07-06,MWBC,V012138539939,,2002-07-06
601,302681,1,2007-04-08,MOTH,U015583329525,,2007-04-08
602,119095,1,2007-12-05,BAFR,T057528386915,,2007-12-05
603,214178,1,2002-09-12,NOBT,P047203921014,,2002-09-12
604,981287,1,2003-01-26,MWBA,U058419588348,,2003-01-26
605,828277,2,2000-12-12,MWAS,E034730264997,,2000-12-12
606,830338,1,2006-05-24,AIND,X003972288085,,2006-05-24
607,349082,2,2006-05-14,CHNE,C047512541590,,2006-05-14
608,91711,2,2001-04-27,OOTH,Y016608683337,,2001-04-27
609,632442,1,2005-01-20,MOTH,O071795789800,,2005-01-20
610,373260,2,2008-09-21,MWBA,R018060330315,,2008-09-21
611,331462,1,2006-05-24,WIRT,C047798272664,,2006-05-24
612,836643,2,2004-11-22,MOTH,I030369349411,,2004-11-22
613,317665,2,2004-01-27,MWBA,S070754860013,,2004-01-27
614,84737,1,2004-04-21,WIRT,X025204130410,,2004-04-21
615,72501,2,2009-10-16,BOTH,V075603605092,,2009-10-16
616,603626,1,2001-09-22,BAFR,U007275899122,,2001-09-22
617,195764,2,2004-02-21,WROM,H049429355439,,2004-02-21
618,118049,1,2001-08-04,OOTH,N062161336466,,2001-08-04
619,909944,1,2002-04-13,WIRI,J023829992196,,2002-04-13
620,440549,2,2006-12-03,MWBA,B064037441287,,2006-12-03
621,885607,2,2005-07-18,MWBC,V063292840471,,2005-07-18
622,685625,1,2009-07-11,CHNE,L002667527262,,2009-07-11
623,792567,2,2001-02-15,WIRT,D097146090858,,2001-02-15
624,910378,1,2009-12-13,MWAS,B023913612090,,2009-12-13
625,713648,2,2002-10-01,MWBA,P062123386160,,2002-10-01
626,21847,1,2004-02-13,WROM,Z011993524554,,2004-02-13
627,330697,1,2009-10-12,MWBC,P029323305197,,2009-10-12
628,413915,2,2002-11-01,AIND,P031181789343,,2002-11-01
629,631575,1,2008-10-22,WROM,E099716520476,,2008-10-22
630,192668,1,2005-07-07,MWBC,N000335584658,,2005-07-07
631,223870,1,2000-09-16,WBRI,A066502969583,,2000-09-16
632,958862,2,2006-01-06,REFU,K062404066356,,2006-01-06
633,982154,2,2001-07-28,CHNE,I088088654954,,2001-07-28
634,409218,2,2001-12-31,BCRB,Z001327382724,,2001-12-31
635,29815,2,2003-09-28,ABAN,D087889917158,,2003-09-28
636,184308,1,2004-06-01,OOTH,F046420651728,,2004-06-01
637,393387,2,2006-01-29,WIRI,Z058876807681,,2006-01-29
638,841036,1,2008-11-19,AOTH,Q009377518128,,2008-11-19
639,453572,2,2004-06-27,MOTH,I026508187722,,2004-06-27
640,738397,1,2005-06-18,MWBC,S028882981078,,2005-06-18
641,720055,2,2003-02-03,WIRI,B088341487078,,2003-02-03
642,857997,1,2004-06-03,OOTH,R099220405597,,2004-06-03
643,247180,1,2005-08-12,WIRT,Z022464614432,,2005-08-12
644,738976,2,2008-02-02,WBRI,W075973478831,,2008-02-02
645,543132,1,2004-06-16,AIND,C086364535462,,2004-06-16
646,767605,2,2006-06-20,APKN,H022774668507,,2006-06-20
647,6415,1,2006-08-29,AIND,F033988734163,,2006-08-29
648,629818,1,2002-08-11,WIRT,M008861077199,,2002-08-11
649,765303,1,2008-04-10,MWAS,J024161603617,,2008-04-10
650,648222,1,2003-04-16,WBRI,N051938630525,,2003-04-16
651,459307,2,2000-05-02,WROM,H003790219125,,2000-05-02
652,21593,2,2001-11-04,MOTH,H056122346822,,2001-11-04
653,380303,2,2005-06-19,BOTH,X086286406785,,2005-06-19
654,143799,2,2008-02-24,REFU,N099059840895,,2008-02-24
655,679379,2,2004-07-08,REFU,X088523347089,,2004-07-08
656,296330,1,2000-07-01,ABAN,Y023641166286,,2000-07-01
657,817314,1,2007-10-12,OOTH,R088751549292,,2007-10-12
658,427390,1,2006-10-16,WROM,N015660778822,,2006-10-16
659,211186,1,1999-10-02,BCRB,W010430290132,,1999-10-02
660,843355,1,2001-06-03,OOTH,I006373681023,,2001-06-03
661,830831,1,2002-08-28,BOTH,C027037849579,,2002-08-28
662,680465,1,2002-06-16,REFU,Z091718254796,,2002-06-16
663,564323,1,2004-12-28,OOTH,J010236504815,,2004-12-28
664,101362,1,2008-02-12,MWBA,M099454790630,,2008-02-12
665,834242,2,2004-10-29,AIND,R094502193405,,2004-10-29
666,201733,1,2002-07-19,MOTH,I099833991726,,2002-07-19
667,903664,2,2000-09-05,MWBA,L087268007291,,2000-09-05
668,246302,1,2002-09-21,AIND,S037303310675,,2002-09-21
669,679728,2,2002-05-17,BOTH,D058339201817,,2002-05-17
670,802543,2,2003-04-05,MOTH,O055717133865,,2003-04-05
671,71212,1,2005-10-21,MWBC,Z001925542051,,2005-10-21
672,612940,1,2005-11-24,WOTH,A003822305686,,2005-11-24
673,617426,2,2004-11-30,ABAN,D088284312670,,2004-11-30
674,717687,2,2004-06-24,WOTH,N011344330592,,2004-06-24
675,98753,1,2002-08-29,WROM,P032701593144,,2002-08-29
676,106241,1,2006-12-24,OOTH,U024318220169,,2006-12-24
677,420134,1,2002-11-01,MWAS,S031429852674,,2002-11-01
678,635964,2,2008-08-04,WBRI,O063156840393,,2008-08-04
679,21038,1,2005-11-11,BCRB,D015126848618,,2005-11-11
680,384546,1,2005-04-09,BCRB,W096341189408,,2005-04-09
681,815720,2,2005-05-24,WIRT,W098983056554,,2005-05-24
682,133330,2,2002-03-31,WIRT,X002546712092,,2002-03-31
683,688239,2,2009-05-09,WOTH,B027288022182,,2009-05-09
684,859568,1,2000-12-29,BAFR,K087510181640,,2000-12-29
685,894785,1,2008-05-21,WIRT,V058982866516,,2008-05-21
686,645812,1,2004-09-16,MOTH,F075071248480,,2004-09-16
687,704159,1,2009-06-11,WIRI,K002117379100,,2009-06-11
688,55690,2,2004-02-13,WROM,W004180259783,,2004-02-13
689,981762,2,2005-10-30,NOBT,G084415391904,,2005-10-30
690,116392,2,2004-08-25,WIRI,V061477231366,,2004-08-25
691,276172,2,2000-06-04,AOTH,M018222253845,,2000-06-04
692,822438,2,2004-02-26,ABAN,W037742180756,,2004-02-26
693,115254,2,2000-08-28,BOTH,I006900533424,,2000-08-28
694,795289,2,2009-03-26,WBRI,G001550240323,,2009-03-26
695,413831,2,2002-05-20,CHNE,E085513080158,,2002-05-20
696,479546,2,2004-06-20,WROM,T023616009919,,2004-06-20
697,639837,2,2007-05-22,BCRB,Y009937814893,,2007-05-22
698,869871,2,2006-09-28,MWAS,M070280700021,,2006-09-28
699,598618,1,1999-11-03,REFU,Y052328073009,,1999-11-03
700,882936,2,2002-06-08,WOTH,K009074692690,,2002-06-08
701,826987,1,2000-02-15,WIRI,I020397610369,,2000-02-15
702,238852,1,2004-07-26,NOBT,O008745492719,,2004-07-26
703,983227,2,2000-08-05,ABAN,E077707519338,,2000-08-05
704,476742,1,2003-06-29,WIRI,N078979811018,,2003-06-29
705,316873,1,2005-03-28,APKN,U062212401346,,2005-03-28
706,958973,2,2008-04-27,MOTH,S084418134942,,2008-04-27
707,414394,1,1999-07-03,WOTH,R094851750038,,1999-07-03
708,878043,2,2002-10-13,AIND,P002609187593,,2002-10-13
709,230497,1,2004-09-20,WROM,R032921144951,,2004-09-20
710,836390,1,2006-02-04,MWBC,W045004812806,,2006-02-04
711,694321,1,2006-11-01,WBRI,B043205315537,,2006-11-01
712,285207,1,2006-11-06,MWBC,J057682867771,,2006-11-06
713,208004,1,2008-08-10,OOTH,V073576679486,,2008-08-10
714,567517,1,2005-03-12,WIRI,L053339980268,,2005-03-12
715,343472,1,2007-06-26,MWAS,F075406699344,,2007-06-26
716,650517,2,2002-08-05,BOTH,I066611395168,,2002-08-05
717,745488,2,2001-12-15,WIRI,L046180296064,,2001-12-15
718,116483,2,2006-12-02,OOTH,A022422991124,,2006-12-02
719,86668,2,2007-02-04,AOTH,Y077084356283,,2007-02-04
720,54625,1,2000-10-29,REFU,M087837946801,,2000-10-29
721,515563,2,2000-02-11,BOTH,M004643261001,,2000-02-11
722,468377,2,2009-08-04,MWAS,Q025084983164,,2009-08-04
723,628941,2,2006-10-11,MWBA,L055166112691,,2006-10-11
724,499660,1,2000-07-30,WOTH,V077510012863,,2000-07-30
725,369699,2,2009-07-10,AOTH,O025381805764,,2009-07-10
726,853697,1,2004-09-23,WBRI,X099732345480,,2004-09-23
727,667283,1,1999-12-05,BOTH,J035772430406,,1999-12-05
728,369488,2,2001-09-12,MWBC,N054210575389,,2001-09-12
729,448400,2,2007-01-07,MWBC,B087398548399,,2007-01-07
730,12539,2,2000-04-22,MWBC,Z091166982083,,2000-04-22
731,64562,2,2002-06-17,MWBA,O006555315645,,2002-06-17
732,534492,2,2006-08-17,MOTH,Y048194690939,,2006-08-17
733,994285,2,2006-01-13,MWAS,P011370238806,,2006-01-13
734,582281,2,2000-07-01,ABAN,R025959460025,,2000-07-01
735,372509,2,2009-07-23,CHNE,B094429243485,,2009-07-23
736,73205,2,2002-12-05,WIRI,N079152124384,,2002-12-05
737,84450,2,2000-08-30,WOTH,A057651213509,,2000-08-30
738,655772,2,2005-07-04,WBRI,W081625066459,,2005-07-04
739,163267,2,2007-07-09,ABAN,V094699942403,,2007-07-09
740,610919,1,2002-06-04,BAFR,M073610154144,,2002-06-04
741,186596,2,2008-10-12,AIND,W021307552990,,2008-10-12
742,379507,2,2003-08-12,OOTH,T026518202090,,2003-08-12
743,245022,2,2004-05-30,BOTH,R028495108112,,2004-05-30
744,979997,1,2006-08-26,BOTH,W040869565659,,2006-08-26
745,933360,1,2007-06-16,BOTH,P008714621502,,2007-06-16
746,389737,2,2004-03-25,WROM,B057672892489,,2004-03-25
747,31063,1,2000-10-19,BAFR,G020745464297,,2000-10-19
748,520411,2,2006-10-19,BAFR,K081122728594,,2006-10-19
749,671612,1,2001-06-04,BAFR,C008556062278,,2001-06-04
750,442704,1,2003-09-22,REFU,S075767370222,,2003-09-22
751,91132,1,2001-10-22,MWAS,A050801953481,,2001-10-22
752,94030,2,1999-12-08,WBRI,E036684181573,,1999-12-08
753,739118,1,2005-08-13,AOTH,X008493014804,,2005-08-13
754,958808,1,2001-01-31,BOTH,U025056158245,,2001-01-31
755,86704,1,2007-08-29,NOBT,E014150029773,,2007-08-29
756,687605,2,2009-05-19,AIND,O058569223152,,2009-05-19
757,176514,1,2004-12-12,BOTH,W054506147541,,2004-12-12
758,954202,2,2004-09-10,AOTH,X051743978002,,2004-09-10
759,221218,2,2006-06-26,APKN,V011325960248,,2006-06-26
760,990787,2,2003-07-27,WIRI,T044014424407,,2003-07-27
761,362033,2,2004-08-16,WIRT,D060707064018,,2004-08-16
762,34153,2,2008-07-29,WROM,B074698293514,,2008-07-29
763,979155,1,2008-07-13,MWBC,K052932971782,,2008-07-13
764,447690,1,2008-03-10,AOTH,N042829836086,,2008-03-10
765,571830,2,2005-03-04,MWAS,F010619698203,,2005-03-04
766,34663,1,1999-07-26,BAFR,G047929985650,,1999-07-26
767,287890,2,2000-04-14,OOTH,X093167654895,,2000-04-14
768,656076,1,2007-09-04,BAFR,C014158485608,,2007-09-04
769,679022,1,2002-11-30,WIRT,O008874923542,,2002-11-30
770,67832,1,2008-12-30,WIRI,A004555658381,,2008-12-30
771,266915,2,2008-07-20,BOTH,U048276099725,,2008-07-20
772,343805,2,2005-05-05,MWAS,W027514086953,,2005-05-05
773,756853,2,2006-06-23,BOTH,C097398776303,,2006-06-23
774,159388,2,2005-04-11,WROM,Q056192525057,,2005-04-11
775,782906,1,2000-11-27,AOTH,H035065538760,,2000-11-27
776,266650,1,2006-09-11,APKN,Y007951826550,,2006-09-11
777,339147,2,2009-03-02,WROM,A096561183348,,2009-03-02
778,604407,1,2008-05-30,BAFR,B079431354612,,2008-05-30
779,334240,1,2005-08-18,MWBA,Q040390519903,,2005-08-18
780,147816,1,2001-12-07,WIRT,O081284825129,,2001-12-07
781,276079,1,2002-11-27,MWBA,M014438865898,,2002-11-27
782,95496,1,2005-07-05,REFU,W009311520350,,2005-07-05
783,960186,2,2007-01-14,MWBA,F041131784225,,2007-01-14
784,208084,2,1999-06-26,BAFR,X064975542450,,1999-06-26
785,415235,2,2001-05-28,AOTH,D091967128218,,2001-05-28
786,406846,2,2009-04-17,MWBC,W043370432142,,2009-04-17
787,87322,2,2002-02-27,MWAS,M005696971224,,2002-02-27
788,234842,1,2001-03-17,BCRB,F098782730512,,2001-03-17
789,496063,2,2007-04-04,ABAN,D095980736334,,2007-04-04
790,633285,1,2006-09-09,WROM,N051625436170,,2006-09-09
791,814087,1,2007-07-03,BCRB,T040175073106,,2007-07-03
792,16960,1,2009-03-12,APKN,V024089230359,,2009-03-12
793,295116,2,2006-08-31,MOTH,X091944716008,,2006-08-31
794,323056,2,2002-09-26,OOTH,E041567474777,,2002-09-26
795,297403,2,2004-12-21,AOTH,Y044995074588,,2004-12-21
796,309655,1,2006-06-04,REFU,A072993740270,,2006-06-04
797,661349,1,2002-07-02,MWBC,O005633876328,,2002-07-02
798,636479,2,2008-07-15,MWAS,I021092728856,,2008-07-15
799,360252,1,2009-12-08,REFU,C004589643761,,2009-12-08
800,166761,2,2008-12-19,WIRT,D020659109925,,2008-12-19
801,588334,2,2002-05-30,AOTH,D044329249646,,2002-05-30
802,571007,2,2009-09-22,AOTH,X004460631323,,2009-09-22
803,869102,1,2008-12-03,WIRI,X078063122799,,2008-12-03
804,988280,2,2008-04-09,AOTH,P008164917573,,2008-04-09
805,790932,2,2007-05-19,AIND,F071705499395,,2007-05-19
806,247698,2,2004-05-18,WBRI,L073046772523,,2004-05-18
807,853700,2,2004-01-14,WBRI,E068721878684,,2004-01-14
808,975004,1,2008-10-06,MWBA,Z055305609394,,2008-10-06
809,865383,1,2008-02-04,BAFR,A077977856248,,2008-02-04
810,528962,2,2004-11-10,BAFR,T061793193706,,2004-11-10
811,117430,1,2002-11-11,WBRI,H057389141678,,2002-11-11
812,88024,1,2008-02-05,MWAS,S051040920649,,2008-02-05
813,827864,1,2002-02-05,WIRT,R046681309258,,2002-02-05
814,569582,2,2005-03-31,MOTH,B077382719036,,2005-03-31
815,443989,2,2009-03-24,MWAS,M011912690537,,2009-03-24
816,440902,2,2003-06-14,APKN,U076369686743,,2003-06-14
817,820261,2,2001-08-15,NOBT,O050327186695,,2001-08-15
818,548319,1,2006-10-13,AOTH,T012348497871,,2006-10-13
