,CHILD,DECOM,RNE,LS,CIN,PLACE,PLACE_PROVIDER,DEC,REC,REASON_PLACE_CHANGE,HOME_POST,PL_POST,URN
0,398768,2017-04-09,S,L3,N1,U4,PR1,2017-10-31,E7,,V28 5OY,H8 7NR,1679094
1,296227,2017-09-11,S,C1,N2,U5,PR4,2017-09-13,X1,PLACE,C13 6WC,C26 9VP,9961998
2,296227,2017-09-13,P,C1,N2,U4,PR1,,X1,,B12 2KE,S19 8BX,3013387
3,868699,2016-01-11,P,J3,N7,H5,PR4,2017-04-06,E14,,Y27 2JT,X17 1HG,5722664
4,640353,2017-11-10,S,C2,N2,U5,PR4,,X1,CLOSE,M26 1OB,V7 1WK,6082332
5,180638,2017-03-13,S,L1,N8,H5,PR4,2017-06-22,E16,,I29 7SW,N9 4PF,7512151
7,438762,2016-04-30,L,D1,N5,U4,PR4,2017-05-20,E4B,,R17 5TO,S2 6GC,5157290
8,185992,2016-07-15,S,V2,N7,U5,PR1,2017-06-19,X1,,P14 4ZU,H11 3WT,2329980
9,185992,2017-06-19,L,J3,N7,U5,PR1,2018-02-18,X1,ALLEG,P14 4ZU,H11 3WT,2329980
10,185992,2018-02-18,P,J3,N7,U5,PR4,,E11,,K2 9VV,P27 4LF,5685255
11,532130,2016-12-25,P,J3,N8,U5,PR1,2017-09-26,X1,STAND,A16 1OO,G3 7SU,3542935
12,532130,2017-09-26,P,J3,N8,U5,PR1,2018-01-12,X1,CREQB,H22 6SP,R8 7BQ,8348902
13,532130,2018-01-12,P,J3,N8,U4,PR4,2018-03-02,X1,,V15 2PP,K15 6MA,8046269
14,532130,2018-03-02,L,V4,N8,U4,PR4,,E46,,V15 2PP,K15 6MA,8046269
15,671161,2015-09-26,B,L2,N1,U4,PR4,2017-06-25,X1,CLOSE,K28 2VL,Y12 2VX,5348433
16,671161,2017-06-25,P,L2,N1,U6,PR1,2017-09-21,E11,,P22 8TL,F26 2RX,8465381
17,880317,2017-02-07,S,D1,N4,K2,PR1,2017-04-02,E14,,P21 9UR,A16 6NM,6367455
18,604967,2017-03-26,P,D1,N6,U4,PR4,2017-05-21,E46,,D15 6OB,B1 5DE,2136293
19,775405,2015-06-24,S,C2,N2,P2,PR1,2017-04-28,E12,,F1 6XL,A20 2FO,9927363
20,286807,2016-11-03,L,D1,N3,U5,PR1,2017-06-02,X1,,F25 4IC,V30 6IB,8747776
21,286807,2017-06-02,T,D1,N3,U5,PR1,2017-11-17,E48,,F25 4IC,V30 6IB,8747776
22,225242,2017-02-28,L,L2,N8,U4,PR4,2017-07-08,X1,,Y19 7OZ,J7 9ZE,1633007
23,225242,2017-07-08,L,C1,N8,U4,PR4,2018-03-27,X1,,Y19 7OZ,J7 9ZE,1633007
24,225242,2018-03-27,L,J2,N8,U4,PR4,,X1,LAREQ,Y19 7OZ,J7 9ZE,1633007
25,158853,2016-02-06,P,L2,N3,U4,PR1,2017-11-27,X1,CHILD,R22 4DT,B4 4MA,6959784
26,158853,2017-11-27,P,L2,N3,U5,PR4,,X1,CARPL,D4 1AR,O24 2TC,4525423
27,97679,2017-02-20,L,E1,N4,U5,PR4,2017-05-06,X1,,D14 1IO,U30 2YA,4770397
28,97679,2017-05-06,L,E1,N4,U5,PR4,2017-07-03,E6,,D14 1IO,U30 2YA,4770397
29,295982,2018-01-15,S,D1,N8,U1,PR1,,X1,APPRR,C13 2KF,P16 6KD,2325457
30,426648,2017-07-24,S,J1,N5,U4,PR4,2017-10-01,X1,APPRR,N18 9YP,A5 5SB,7514432
31,426648,2017-10-01,P,J1,N5,U5,PR4,2017-10-14,X1,APPRR,G13 1RQ,G22 6MI,6461171
32,426648,2017-10-14,P,J1,N5,P2,PR1,2017-12-15,E16,,M16 6YO,P17 6ZE,8603745
33,389248,2017-03-18,P,J1,N1,H5,PR4,2017-08-18,X1,APPRR,E25 5GV,L22 2XK,4170923
34,389248,2017-08-18,P,J1,N1,P1,PR0,2018-01-09,E7,,O6 2UP,W13 5SC,8351309
35,501350,2018-01-04,S,V4,N6,U4,PR1,2018-01-08,E48,,W3 4SG,Q25 6WN,3977979
36,397815,2016-03-25,L,J2,N4,U5,PR4,2017-10-21,X1,,Y5 6EL,W6 3XJ,4649020
37,397815,2017-10-21,T,J2,N4,U5,PR4,2018-01-31,X1,,Y5 6EL,W6 3XJ,4649020
38,397815,2018-01-31,T,J2,N4,U5,PR4,,E7,,Y5 6EL,W6 3XJ,4649020
39,972102,2017-03-04,P,E1,N5,H5,PR1,2017-06-12,E46,,B23 6VB,Y23 6VT,6394300
42,168196,2017-02-21,S,J3,N5,U4,PR4,2017-10-25,X1,,T24 7QE,T7 3JW,2302633
43,168196,2017-10-25,L,V4,N5,U4,PR4,,X1,OTHER,T24 7QE,T7 3JW,2302633
44,568347,2017-01-02,S,L3,N7,U4,PR4,2017-07-31,E15,,J9 6EP,A28 5CA,4194310
47,406894,2016-07-30,L,J1,N2,K2,PR4,2017-08-04,X1,CLOSE,O26 5BC,D10 9OY,7914796
48,406894,2017-08-04,P,J1,N2,U5,PR1,2017-08-25,X1,CUSTOD,V27 5GZ,X21 9EP,7931022
49,406894,2017-08-25,P,J1,N2,U4,PR4,,X1,,T21 3LZ,S29 8UO,8834689
50,251367,2017-03-27,L,L3,N6,U5,PR1,2017-04-24,X1,,A13 1OH,B14 7JS,9614162
51,251367,2017-04-24,L,C1,N6,U5,PR1,2017-05-26,E5,,A13 1OH,B14 7JS,9614162
52,452400,2016-08-28,T,V4,N5,U4,PR1,2017-09-02,E41,,L8 2LF,G9 2QG,3838030
53,680750,2016-11-24,L,J3,N3,U5,PR4,2017-05-14,X1,,P12 8OL,W30 1EI,7451838
54,680750,2017-05-14,L,C1,N3,U5,PR4,2017-06-07,X1,LAREQ,P12 8OL,W30 1EI,7451838
55,680750,2017-06-07,P,C1,N3,U5,PR4,2017-06-29,X1,,R21 8OO,O20 9RA,6996379
56,680750,2017-06-29,T,C1,N3,U5,PR4,2017-11-11,X1,CUSTOD,R21 8OO,O20 9RA,6996379
57,680750,2017-11-11,P,C1,N3,U5,PR1,2018-03-10,E47,,N2 6VS,P5 5OU,5976548
58,738595,2016-05-12,S,C1,N7,U5,PR4,2017-06-03,X1,,M11 6MP,Y17 5BH,3348109
59,738595,2017-06-03,T,C1,N7,U5,PR4,2017-10-28,X1,LAREQ,M11 6MP,Y17 5BH,3348109
60,738595,2017-10-28,P,C1,N7,H5,PR4,,X1,,R20 4HI,H4 7TH,4994652
61,319688,2017-03-26,P,C2,N7,U5,PR4,2017-10-22,X1,APPRR,V4 9AO,U2 8TN,9983388
62,319688,2017-10-22,P,C2,N7,U4,PR1,2017-11-11,X1,CREQO,U25 6EK,B15 5TE,9588311
63,319688,2017-11-11,P,C2,N7,U3,PR1,2018-04-01,X1,ALLEG,Y24 7VX,Z8 3JP,4047215
64,96860,2016-08-21,L,L1,N7,U3,PR1,2017-08-30,X1,,Z8 8HE,X24 9ND,3006979
65,96860,2017-08-30,L,D1,N7,U3,PR1,,E7,,Z8 8HE,X24 9ND,3006979
66,305719,2017-11-18,S,C2,N4,U2,PR1,2018-02-23,E11,,R21 5DY,Z15 6UA,8276346
67,721638,2017-08-20,S,L3,N3,P1,PR0,2017-12-31,X1,,H8 9KF,N15 6UK,4109431
68,721638,2017-12-31,T,L3,N3,P1,PR0,,X1,,H8 9KF,N15 6UK,4109431
69,91,2016-09-01,P,J2,N2,H5,PR4,2017-10-13,E8,,W11 2QK,Y7 6AL,2141660
70,257140,2016-03-24,L,E1,N2,U5,PR4,2017-09-17,X1,CREQO,A12 9ZV,D17 3KT,9663928
71,257140,2017-09-17,P,E1,N2,U5,PR1,2017-10-29,X1,APPRR,R1 1FK,N2 8JY,8504875
72,257140,2017-10-29,P,E1,N2,U4,PR4,2017-11-12,E6,,J10 5TC,P20 7HZ,2108281
73,987589,2016-08-30,P,D1,N5,U5,PR4,2017-08-09,E14,,Q13 5DJ,Z16 8EQ,5148284
75,911186,2014-10-04,P,J2,N2,U5,PR1,2017-10-22,X1,APPRR,B5 3PE,W28 9HK,3492509
76,911186,2017-10-22,P,J2,N2,U5,PR1,2017-11-14,E14,,N9 1XK,J15 2AN,5223371
77,711196,2014-07-27,P,J2,N6,U4,PR1,2017-04-22,X1,OTHER,H27 9SZ,E28 8YM,5132923
78,711196,2017-04-22,P,J2,N6,K2,PR1,,X1,CREQO,Z16 1ZJ,C20 8XS,2466709
79,370565,2015-12-24,L,E1,N2,U4,PR1,2017-10-16,X1,,M16 2QF,F2 2ZE,8227736
80,370565,2017-10-16,T,E1,N2,U4,PR1,2018-02-22,X1,,M16 2QF,F2 2ZE,8227736
81,370565,2018-02-22,L,V2,N2,U4,PR1,,X1,LAREQ,M16 2QF,F2 2ZE,8227736
82,863772,2017-06-19,S,C1,N7,U5,PR1,2017-10-27,X1,APPRR,K21 9LZ,R14 1QZ,7006947
83,863772,2017-10-27,P,C1,N7,U5,PR1,2017-11-29,E12,,G1 3LU,C30 2KB,2126020
84,569911,2017-03-01,S,V2,N4,P2,PR4,2017-04-08,E4B,,Z30 6ZZ,Y15 7JW,9594463
87,944392,2015-07-16,L,L1,N2,U4,PR1,2017-11-14,X1,,S24 9OY,S12 8MG,4396900
88,944392,2017-11-14,U,J1,N2,U4,PR1,2017-12-06,X1,CHILD,S24 9OY,S12 8MG,4396900
89,944392,2017-12-06,P,J1,N2,K2,PR4,,X1,OTHER,A16 4GE,G14 4IS,3308264
90,447903,2016-08-28,T,C1,N2,U5,PR1,2018-02-27,X1,,L24 4LL,W10 5QO,6738616
91,447903,2018-02-27,L,L3,N2,U5,PR1,,X1,OTHER,L24 4LL,W10 5QO,6738616
92,230591,2017-11-08,S,V3,N8,U5,PR4,,X1,CREQB,T4 9RR,N4 5TN,8862250
93,92629,2018-02-08,S,J3,N6,U4,PR1,,X1,PLACE,R14 5IJ,R23 8VC,4221057
94,52040,2016-05-26,L,L1,N7,U3,PR1,2017-07-23,E8,,E6 2FH,H30 8RF,9191153
95,626490,2016-06-24,P,V4,N3,U4,PR4,2017-07-06,X1,CUSTOD,Y27 3HJ,F3 1CN,4821493
96,626490,2017-07-06,P,V4,N3,U5,PR1,2018-03-16,X1,,G10 7LW,F29 6BT,3361008
97,626490,2018-03-16,T,V4,N3,U5,PR1,,X1,ALLEG,G10 7LW,F29 6BT,3361008
98,718139,2017-01-15,P,C1,N1,U5,PR4,2017-09-14,X1,LAREQ,K14 3SF,J26 9QY,2777391
99,718139,2017-09-14,P,C1,N1,U4,PR4,2017-09-25,X1,,T2 9FC,N11 8UD,5612011
100,718139,2017-09-25,T,C1,N1,U4,PR4,2017-10-12,E48,,T2 9FC,N11 8UD,5612011
101,718139,2016-07-27,P,L2,N6,P1,PR0,2017-12-02,X1,,N14 9ZF,K14 3DZ,1376792
102,718139,2017-12-02,L,L1,N6,P1,PR0,,X1,,N14 9ZF,K14 3DZ,1376792
103,297509,2017-01-24,P,J1,N4,U5,PR1,2017-09-10,E12,,E18 9FR,G29 3YD,4348777
104,623826,2016-12-18,P,J3,N6,U5,PR4,2017-10-13,X1,CARPL,V19 1AG,Y29 7EC,2261244
105,623826,2017-10-13,P,J3,N6,U5,PR1,,X1,,S3 8BZ,F27 3ZN,2204933
106,955207,2017-11-12,S,L1,N3,U4,PR1,2017-12-22,X1,,W11 8PN,D8 3OR,7841737
107,955207,2017-12-22,T,L1,N3,U4,PR1,,X1,,W11 8PN,D8 3OR,7841737
108,158809,2016-10-04,P,L3,N3,U4,PR1,2017-11-11,X1,CARPL,A2 1SI,L2 7QF,5719865
109,158809,2017-11-11,P,L3,N3,U5,PR4,,X1,,P4 5AC,A25 3HV,1840743
110,344070,2016-04-17,P,J3,N4,U5,PR4,2017-05-01,X1,OTHER,Y25 8RX,Q2 3BQ,9728723
111,344070,2017-05-01,P,J3,N4,U5,PR1,2017-05-13,X1,LAREQ,C4 5JA,L16 6MH,4406383
112,344070,2017-05-13,P,J3,N4,U4,PR1,2017-12-29,X1,PLACE,Q22 4QL,S26 5CO,4391734
113,344070,2017-12-29,P,J3,N4,U4,PR1,,E45,,P25 7QN,D13 1ZT,6517466
114,207288,2017-10-22,S,E1,N5,P1,PR0,,E48,,G9 3VC,C19 2BH,3810685
115,161229,2017-05-30,S,J3,N8,P2,PR4,2018-01-30,E13,,I7 3GK,Y10 1QS,6604444
116,420870,2015-04-19,L,L2,N4,U2,PR1,2017-08-15,X1,CREQB,V19 7QR,A9 4DP,3954352
117,420870,2017-08-15,P,L2,N4,U4,PR1,2017-09-25,X1,CLOSE,U16 2SQ,Q14 9DA,2575297
118,420870,2017-09-25,P,L2,N4,P1,PR0,,X1,,O14 5FR,L4 9CC,4201696
119,115396,2018-02-23,S,D1,N4,P2,PR1,,X1,,F23 5IG,L16 5TZ,9246924
120,748243,2016-03-09,P,V2,N1,K2,PR4,2017-06-12,X1,OTHER,E5 8WQ,F2 8YB,3087727
121,748243,2017-06-12,P,V2,N1,K2,PR4,2017-12-16,X1,,G20 3IU,B15 2MF,2161786
122,748243,2017-12-16,L,L2,N1,K2,PR4,2017-12-22,X1,PLACE,G20 3IU,B15 2MF,2161786
123,748243,2017-12-22,P,L2,N1,U5,PR1,2018-03-21,X1,,W22 5RI,T28 4BA,7522520
124,748243,2018-03-21,T,L2,N1,U5,PR1,,X1,STAND,W22 5RI,T28 4BA,7522520
126,913259,2016-10-10,T,J3,N7,A6,PR1,2018-01-25,E41,,T18 4JZ,H13 3JG,9520424
127,933616,2016-06-24,P,J1,N4,U5,PR1,2017-06-20,X1,,X7 2HN,P8 8XP,2933955
128,933616,2017-06-20,L,E1,N4,U5,PR1,2017-10-24,E7,,X7 2HN,P8 8XP,2933955
129,600195,2016-06-18,T,L2,N2,U4,PR1,2017-05-12,X1,,M18 4WS,N20 8KH,5324694
130,600195,2017-05-12,L,J2,N2,U4,PR1,2017-09-03,X1,,M18 4WS,N20 8KH,5324694
131,600195,2017-09-03,L,C1,N2,U4,PR1,2017-09-10,X1,PLACE,M18 4WS,N20 8KH,5324694
132,600195,2017-09-10,P,C1,N2,U4,PR4,,E2,,I18 5EN,V22 6TL,3510825
133,306047,2017-03-26,P,C1,N1,U5,PR4,2017-07-23,E14,,E14 1KS,L11 8AU,2623911
134,391802,2016-08-07,L,J1,N1,A3,PR1,2017-05-23,X1,,W22 8BO,J17 5NS,5791968
135,391802,2017-05-23,T,J1,N1,A3,PR1,2018-03-05,E45,,W22 8BO,J17 5NS,5791968
138,276736,2016-11-12,P,V4,N7,U4,PR1,2017-08-03,X1,,P24 5PE,X8 9CX,4211494
139,276736,2017-08-03,L,J1,N7,U4,PR1,2017-08-22,E11,,P24 5PE,X8 9CX,4211494
140,276736,2017-04-20,S,J1,N6,U4,PR1,2017-05-30,X1,CHILD,T27 3FH,E20 3KN,3499937
141,276736,2017-05-30,P,J1,N6,K2,PR4,,X1,,P24 1QN,Z6 2NC,9615476
142,355263,2018-03-30,S,D1,N2,U1,PR1,,E7,,K17 8KM,L11 3FW,8563536
149,911317,2017-01-28,T,V2,N5,U4,PR4,2017-07-19,X1,,E11 7UP,J2 3EO,7537013
150,911317,2017-07-19,L,V3,N5,U4,PR4,2017-11-22,X1,,E11 7UP,J2 3EO,7537013
151,911317,2017-11-22,L,C2,N5,U4,PR4,,E46,,E11 7UP,J2 3EO,7537013
152,410686,2016-07-28,P,J2,N8,U5,PR4,2017-04-07,E46,,J30 5IP,L27 7HZ,1278078
153,853131,2017-01-24,L,L1,N7,U4,PR1,2018-02-02,E45,,K9 6QK,D1 4JP,7145473
154,830787,2017-01-23,S,L2,N5,U1,PR1,2017-10-21,X1,CLOSE,V29 9HK,R29 5NT,6601754
155,830787,2017-10-21,P,L2,N5,U5,PR4,,X1,,K1 9TQ,R26 1NT,5299368
158,453076,2016-05-12,P,L2,N5,P2,PR4,2017-07-29,E41,,Z9 8EB,J19 7YN,1076365
159,461710,2017-11-17,S,V4,N3,U3,PR1,2018-03-22,X1,APPRR,J29 1NC,E9 9GK,6894387
160,461710,2018-03-22,P,V4,N3,U6,PR4,,E47,,F23 7ZG,C26 8XE,4186892
161,300407,2016-07-28,P,V4,N2,U4,PR1,2017-08-07,X1,CREQB,S9 4EG,Z6 1KV,3792004
162,300407,2017-08-07,P,V4,N2,U5,PR4,2017-12-12,E7,,O25 3FY,V29 9AX,4117848
163,769010,2016-06-25,L,J1,N6,P2,PR1,2017-04-19,X1,,R22 5ME,A20 8WJ,9626647
164,769010,2017-04-19,T,J1,N6,P2,PR1,2017-06-24,E7,,R22 5ME,A20 8WJ,9626647
165,439481,2015-05-06,P,D1,N8,U4,PR1,2017-12-02,X1,LAREQ,A28 3TO,J14 3SY,2103409
166,439481,2017-12-02,P,D1,N8,U5,PR4,2017-12-29,X1,,D23 8OX,S6 2SP,6926435
167,439481,2017-12-29,L,L1,N8,U5,PR4,,X1,OTHER,D23 8OX,S6 2SP,6926435
168,679389,2015-11-16,P,C2,N8,U5,PR4,2017-10-11,E2,,H24 9ZP,A12 1MP,3873531
172,451430,2017-08-16,S,C1,N1,U4,PR4,,X1,CLOSE,V13 9DQ,L3 6ZX,9689093
173,92498,2016-09-27,P,C2,N5,U4,PR1,2017-08-24,X1,CHILD,R7 9VM,V16 1IZ,2004367
174,92498,2017-08-24,P,C2,N5,K2,PR4,2017-09-29,E16,,D11 1GM,J11 6OW,9307322
175,536499,2018-03-14,S,L2,N4,K2,PR1,,E46,,B2 5NA,M19 6RP,5334856
176,248000,2017-02-28,S,V4,N6,U3,PR1,2017-05-10,X1,STAND,B29 1SO,A10 1VS,9398443
177,248000,2017-05-10,P,V4,N6,U1,PR1,2017-05-21,E17,,S27 5ZF,N30 1EP,1665357
178,376839,2017-03-18,L,C1,N4,P1,PR0,2017-09-12,X1,,I11 7XE,H7 6BB,6406703
179,376839,2017-09-12,T,C1,N4,P1,PR0,2017-11-18,E7,,I11 7XE,H7 6BB,6406703
180,585985,2017-02-24,P,C1,N4,U4,PR4,2018-01-24,X1,OTHER,K23 9YO,O22 1ZP,1446136
181,585985,2018-01-24,P,C1,N4,U2,PR1,,E6,,K24 1VU,L7 8JK,9259813
182,458146,2016-09-16,P,V2,N3,U4,PR4,2017-06-27,X1,APPRR,T3 5BW,X20 4MK,1979572
183,458146,2017-06-27,P,V2,N3,P2,PR4,,E14,,E28 5SE,H9 3BD,4830369
184,115810,2016-04-29,L,V2,N4,U4,PR4,2017-05-29,X1,OTHER,Q4 7CO,V16 1GA,3817735
185,115810,2017-05-29,P,V2,N4,U4,PR1,,E8,,K7 7AC,F14 6RF,3592298
186,336438,2016-11-28,P,E1,N3,U4,PR1,2017-12-13,X1,CREQO,F29 7JF,W5 2QG,8492173
187,336438,2017-12-13,P,E1,N3,K2,PR4,2018-03-04,X1,ALLEG,I28 9LB,H30 6QR,6478428
188,336438,2018-03-04,P,E1,N3,U4,PR4,,E9,,A25 6RN,M11 4UW,1374355
189,260471,2015-11-01,S,L1,N5,U4,PR4,2017-06-05,X1,APPRR,E21 1RL,J28 7RX,1312107
191,260471,2017-07-21,U,L2,N5,U4,PR1,2018-01-04,X1,CLOSE,K16 7ZM,H12 4CK,8601708
192,260471,2018-01-04,P,L2,N5,U5,PR1,,X1,CUSTOD,O28 8QQ,M22 7ZK,5267427
193,631002,2016-07-12,P,J1,N2,U5,PR4,2017-04-12,X1,,L13 4WI,Z16 5WM,8843990
194,631002,2017-04-12,L,C1,N2,U5,PR4,2017-08-18,X1,,L13 4WI,Z16 5WM,8843990
195,631002,2017-08-18,L,C1,N2,U5,PR4,,X1,,L13 4WI,Z16 5WM,8843990
196,221025,2016-06-18,L,V2,N4,K2,PR4,2017-10-25,X1,CREQB,U24 9ZA,Z2 9OC,4816498
197,221025,2017-10-25,P,V2,N4,U1,PR1,2018-01-17,E6,,Z26 3VV,G8 7KL,8465963
198,725812,2016-06-08,L,C2,N4,U4,PR4,2018-03-09,E47,,H3 2WH,Z29 6XA,1195515
199,735996,2017-09-16,S,J2,N8,U5,PR1,2018-02-10,X1,,I11 3HO,R20 2QD,7045368
200,735996,2018-02-10,L,C1,N8,U5,PR1,2018-03-24,X1,,I11 3HO,R20 2QD,7045368
201,735996,2018-03-24,T,C1,N8,U5,PR1,,X1,CHILD,I11 3HO,R20 2QD,7045368
209,535258,2017-03-07,S,V3,N5,U5,PR1,2017-12-09,X1,CREQO,Q16 7RW,S19 1UU,3247563
210,535258,2017-12-09,P,V3,N5,P1,PR0,,E48,,W6 6TS,L9 2FO,3453314
211,504825,2017-03-13,P,L1,N3,U4,PR1,2017-06-20,X1,,A9 6ZG,U17 3SL,7709113
212,504825,2017-06-20,T,L1,N3,U4,PR1,2017-07-28,X1,,A9 6ZG,U17 3SL,7709113
213,504825,2017-07-28,L,V4,N3,U4,PR1,2017-09-22,X1,,A9 6ZG,U17 3SL,7709113
214,504825,2017-09-22,L,V4,N3,U4,PR1,,X1,APPRR,A9 6ZG,U17 3SL,7709113
215,115869,2017-02-06,P,D1,N5,U1,PR1,2017-05-21,X1,ALLEG,F1 8KQ,M6 5EK,5272048
216,115869,2017-05-21,P,D1,N5,U1,PR1,2017-06-02,X1,CARPL,M17 2WO,D24 8RH,1811783
217,115869,2017-06-02,P,D1,N5,U5,PR1,,E3,,Y17 6MV,J23 9CF,5135518
218,370716,2017-01-20,T,L2,N2,U5,PR4,2017-08-13,X1,,I14 2CV,Z17 9WE,5317193
219,370716,2017-08-13,L,J1,N2,U5,PR4,,X1,CREQO,I14 2CV,Z17 9WE,5317193
220,48420,2016-10-10,P,C2,N5,U5,PR4,2017-06-04,X1,ALLEG,J9 2QG,G15 3WN,3473893
221,48420,2017-06-04,P,C2,N5,U4,PR4,2018-04-01,E12,,M21 8QZ,K30 2LS,3184679
222,279171,2017-03-11,L,C1,N8,U2,PR1,2017-05-08,X1,,T14 5RK,T4 3GR,8763370
224,279171,2018-03-22,P,L3,N8,U4,PR1,,X1,CHILD,U4 9MP,Q19 9HD,1750465
225,313400,2016-11-01,P,E1,N1,A5,PR4,2017-05-05,E17,,A23 8MR,B29 3LU,4408945
226,99151,2017-06-08,S,C1,N1,U3,PR1,2017-06-11,X1,CLOSE,S13 7EA,A26 2OU,5695643
227,99151,2017-06-11,P,C1,N1,U4,PR1,2017-07-03,X1,CARPL,H4 6GY,W29 1DD,8250878
228,99151,2017-07-03,B,E1,N1,U5,PR4,2018-02-20,X1,PLACE,P19 8SF,Q6 9KJ,2978270
229,99151,2018-02-20,P,E1,N1,U4,PR4,,X1,,P7 4ZY,G27 2PG,6370582
230,663628,2016-12-20,P,L2,N5,U5,PR4,2017-07-31,E12,,A11 7TF,Z5 4LV,3373198
233,332604,2018-02-07,S,D1,N8,A6,PR4,,E4A,,V2 7IU,V29 2MT,8713820
234,204727,2016-07-14,L,L3,N1,A3,PR4,2017-05-12,X1,,H13 2VY,B10 8VR,4062735
235,204727,2017-05-12,L,J1,N1,A3,PR4,2017-11-21,X1,,H13 2VY,B10 8VR,4062735
236,204727,2017-11-21,T,J1,N1,A3,PR4,,X1,CARPL,H13 2VY,B10 8VR,4062735
237,268672,2016-11-18,P,D1,N2,U4,PR4,2017-04-24,X1,STAND,E2 4MB,W30 5LE,5840273
238,268672,2017-04-24,P,D1,N2,U4,PR1,2017-11-14,X1,,M17 5KP,F1 9HR,5081127
239,268672,2017-11-14,T,D1,N2,U4,PR1,2017-11-25,X1,,M17 5KP,F1 9HR,5081127
240,268672,2017-11-25,L,V3,N2,U4,PR1,2017-11-30,E7,,M17 5KP,F1 9HR,5081127
241,874935,2017-08-31,S,L3,N5,R5,PR3,2017-12-05,E16,,N23 2VC,L8 2GW,2824859
242,872667,2017-09-03,S,J3,N8,U4,PR1,2017-11-10,X1,,O2 6PI,A16 4UV,5809516
243,872667,2017-11-10,L,E1,N8,U4,PR1,2018-03-03,X1,APPRR,O2 6PI,A16 4UV,5809516
244,872667,2018-03-03,P,E1,N8,R1,PR4,,E14,,I3 6XU,C21 7SM,6099217
245,200216,2016-11-27,S,E1,N2,P1,PR0,2017-04-13,E17,,D16 9NZ,G30 1OS,3408202
247,604939,2017-11-12,S,C1,N3,S1,PR4,,X1,,W6 7XR,C5 9LQ,4530913
253,405981,2016-12-19,L,V2,N5,U5,PR1,2017-09-02,E48,,D20 2YH,H6 6TR,9053106
254,472738,2016-02-03,S,D1,N5,K2,PR4,2017-07-12,X1,CHILD,B9 5WX,E3 5GO,3139822
255,472738,2017-07-12,P,D1,N5,U5,PR1,2017-07-24,X1,,I28 6PW,W12 1DS,3030435
256,472738,2017-07-24,L,L1,N5,U5,PR1,2017-09-29,X1,CUSTOD,I28 6PW,W12 1DS,3030435
258,472738,2018-01-06,P,L1,N5,U5,PR1,,E8,,S21 6ZG,P17 2KG,5071967
259,511908,2017-03-01,L,C2,N3,U4,PR1,2017-10-08,E5,,L11 2HU,Z3 8HS,3553933
260,993726,2017-02-28,T,J3,N5,U4,PR1,2017-06-16,X1,,L5 6GJ,E22 3KY,7001194
261,993726,2017-06-16,T,J3,N5,U4,PR1,,X1,OTHER,L5 6GJ,E22 3KY,7001194
262,23961,2017-12-14,S,C1,N3,U2,PR1,2017-12-15,E16,,Z28 7TC,L22 8BW,5629046
263,753062,2017-12-02,S,J2,N1,U4,PR1,,E4A,,Q19 9CS,S27 8PS,1281268
264,562913,2016-05-03,S,D1,N5,U5,PR4,2017-10-04,X1,,F8 2ZB,Z14 5CU,4703453
265,562913,2017-10-04,L,V2,N5,U5,PR4,2018-03-05,X1,CREQO,F8 2ZB,Z14 5CU,4703453
266,562913,2018-03-05,P,V2,N5,P3,PR3,,X1,,T23 1HB,A26 4AD,9059427
267,533297,2015-09-11,P,L1,N8,U5,PR4,2017-12-13,E2,,J24 5KW,C28 8FR,3129261
268,704877,2016-03-27,L,C2,N8,U4,PR4,2017-07-02,X1,APPRR,C4 8UE,P19 4UH,1455731
269,704877,2017-07-02,P,C2,N8,P2,PR4,2017-10-13,X1,CLOSE,H18 1CP,V14 9GK,3383208
270,704877,2017-10-13,P,C2,N8,P2,PR1,2017-10-19,X1,CLOSE,S11 6TS,P24 5KX,3750837
271,704877,2017-10-19,P,C2,N8,U5,PR1,2018-01-13,E13,,T4 3YR,G20 6VT,9769902
272,862146,2017-06-19,S,J3,N6,U2,PR1,2017-07-09,X1,PLACE,U17 8GL,O22 3OY,7909915
273,862146,2017-07-09,P,J3,N6,U5,PR4,2018-02-28,X1,PLACE,M13 2ZF,K22 4DT,6515558
274,862146,2018-02-28,P,J3,N6,U5,PR4,,X1,,J21 9RX,E28 5TD,2977104
278,404747,2016-10-24,P,V3,N1,U4,PR1,2017-10-15,X1,CLOSE,E7 1GY,C25 2FM,4701237
279,404747,2017-10-15,P,V3,N1,U5,PR4,2018-03-11,X1,CUSTOD,O29 3ZP,R24 6VY,8537120
280,404747,2018-03-11,P,V3,N1,U5,PR1,,X1,OTHER,F26 8PA,L9 4QF,8388385
281,923340,2016-12-13,L,V3,N3,U5,PR4,2017-05-19,X1,,T25 9PD,I4 7DI,6816185
282,923340,2017-05-19,L,V4,N3,U5,PR4,2017-05-20,X1,CARPL,T25 9PD,I4 7DI,6816185
283,923340,2017-05-20,P,V4,N3,A5,PR4,,X1,CREQO,Y25 5DY,H24 7TF,8455660
284,274248,2017-02-17,S,V3,N2,U4,PR4,2017-10-23,X1,,N18 9XF,S17 3BF,8461701
286,303075,2017-12-06,S,L1,N8,A4,PR4,,E8,,G8 1KW,J29 9NA,3503951
287,610915,2017-07-03,S,C2,N8,K2,PR4,2017-08-18,E47,,U5 8EL,K21 6JZ,2571478
288,937777,2018-03-23,S,V3,N8,R1,PR1,,E3,,V19 8MQ,N15 8YY,2114804
289,543554,2016-10-18,S,J2,N5,U4,PR1,2018-02-02,E12,,A3 7IN,W29 4FB,4141477
290,442009,2014-12-10,L,D1,N2,U4,PR1,2017-06-01,X1,,Z3 1YO,N3 3IL,9445963
291,442009,2017-06-01,T,D1,N2,U4,PR1,,X1,,Z3 1YO,N3 3IL,9445963
292,442009,2017-08-22,S,V4,N8,P1,PR0,2017-10-19,E4B,,E12 1WN,Y30 3RD,1060878
293,557029,2018-01-08,S,C1,N7,U4,PR1,,X1,STAND,D17 8EB,B11 7KV,7330517
294,547599,2017-10-20,S,V4,N7,U5,PR1,2017-12-02,E45,,Y7 2RY,R28 5YD,2134726
295,506970,2017-08-20,S,C2,N3,U4,PR1,2018-02-26,X1,CARPL,O18 4KE,S23 2RR,6269754
296,506970,2018-02-26,P,C2,N3,U2,PR1,,X1,APPRR,A24 8KL,B9 3BX,7276531
297,755557,2016-09-03,T,E1,N7,U5,PR1,2017-07-20,X1,OTHER,K28 4IL,M20 8VW,3203316
298,755557,2017-07-20,P,E1,N7,A3,PR1,2018-02-28,E14,,X2 2XX,U23 5MX,8060098
299,245211,2014-09-19,P,L1,N7,U4,PR1,2017-06-06,E5,,P24 5SJ,B19 4NI,3351977
300,787415,2017-08-15,S,V4,N1,P1,PR0,,E7,,A14 6XO,X9 6JY,8929746
301,43061,2017-05-08,S,V2,N1,A4,PR1,2017-05-27,E13,,P1 8IE,R28 7PZ,5363146
302,926516,2017-08-15,S,L1,N7,U4,PR4,2017-12-15,E2,,A21 4SF,Z19 2PZ,1458477
306,975420,2017-02-08,T,L2,N4,K2,PR4,2017-11-15,E47,,Z19 1IR,T6 4CK,8906538
307,137108,2014-11-07,S,V3,N7,U4,PR4,2017-10-26,X1,CREQB,O17 8JY,E27 4NB,1271774
308,137108,2017-10-26,P,V3,N7,U5,PR4,2018-03-01,E8,,W11 9XA,Y17 3ES,8264724
309,83267,2016-11-30,P,E1,N5,H5,PR1,2017-04-19,X1,CARPL,H12 5TO,A4 9QZ,1227031
310,83267,2017-04-19,P,E1,N5,K2,PR1,2017-06-04,E6,,A22 1WT,D4 6YH,5591652
311,365497,2018-03-19,S,L3,N6,U6,PR4,,X1,LAREQ,T21 2KF,X8 2YF,8846438
316,464233,2014-11-16,P,J3,N1,U4,PR1,2017-05-25,X1,CREQB,U30 9LQ,V22 8DP,5403250
317,464233,2017-05-25,P,J3,N1,U5,PR4,2017-08-03,X1,,Z14 2YV,V12 6YX,5891554
318,464233,2017-08-03,L,L3,N1,U5,PR4,2017-11-22,X1,CUSTOD,Z14 2YV,V12 6YX,5891554
319,464233,2017-11-22,P,L3,N1,U5,PR1,,X1,CREQB,P22 9JV,T29 8EG,3231180
320,774643,2017-02-10,P,C1,N5,U5,PR1,2017-08-20,X1,CLOSE,E3 9NP,Y15 9FH,8158943
321,774643,2017-08-20,P,C1,N5,U4,PR1,,X1,LAREQ,A2 5MT,G23 5KW,5752545
322,694959,2016-10-27,T,J3,N6,K2,PR1,2017-08-26,X1,APPRR,B15 6XG,Q21 5UV,9508148
323,694959,2017-08-26,P,J3,N6,U5,PR4,2017-11-22,X1,,A20 5BL,H8 4HH,9308393
324,694959,2017-11-22,T,J3,N6,U5,PR4,,X1,,A20 5BL,H8 4HH,9308393
325,172422,2015-05-19,P,C2,N6,U5,PR4,2017-07-13,X1,OTHER,S30 9SK,B12 2HQ,1520220
326,172422,2017-07-13,P,C2,N6,H5,PR4,2017-12-17,X1,,B21 3IA,V10 7VW,3261165
327,172422,2017-12-17,L,L2,N6,H5,PR4,2018-02-17,E47,,B21 3IA,V10 7VW,3261165
328,513331,2017-08-23,S,L1,N5,U3,PR1,2017-12-17,X1,,I21 9FV,Z3 8LX,1332186
329,513331,2017-12-17,L,V2,N5,U3,PR1,,E7,,I21 9FV,Z3 8LX,1332186
330,505453,2017-01-24,S,J2,N4,U4,PR1,2017-07-04,X1,,Y30 9XJ,T21 9SM,6687873
331,505453,2017-07-04,L,V4,N4,U4,PR1,2018-01-20,E11,,Y30 9XJ,T21 9SM,6687873
332,667777,2017-02-13,P,D1,N1,U3,PR1,2017-04-15,X1,CHILD,T30 1BK,S23 8QM,5237263
333,667777,2017-04-15,P,D1,N1,P1,PR0,2017-10-27,E7,,H27 3UZ,I30 4TD,6873622
334,311627,2016-12-25,L,L2,N4,U5,PR1,2018-01-17,X1,APPRR,D19 2YG,F26 9QL,8323193
335,311627,2018-01-17,P,L2,N4,P2,PR4,,E5,,A4 5SS,V29 8ZZ,9573298
336,842080,2013-10-14,P,J1,N2,K2,PR4,2017-05-15,X1,,Q4 2FA,C30 8XO,9596018
337,842080,2017-05-15,L,V3,N2,K2,PR4,2018-03-10,X1,ALLEG,Q4 2FA,C30 8XO,9596018
338,842080,2018-03-10,P,V3,N2,U5,PR4,,X1,CARPL,Y6 7GU,N1 4RI,2078121
339,927421,2017-05-27,S,J1,N1,U5,PR4,,X1,CUSTOD,N6 8KR,X23 4PM,2262388
340,643340,2016-08-07,P,L1,N2,U4,PR1,2017-09-09,X1,,V8 2EF,T19 4RM,2636706
341,643340,2017-09-09,L,V3,N2,U4,PR1,2017-09-17,X1,CUSTOD,V8 2EF,T19 4RM,2636706
342,643340,2017-09-17,P,V3,N2,U4,PR4,2018-03-11,X1,,L4 3WG,D9 8SF,8203503
343,643340,2018-03-11,L,V2,N2,U4,PR4,,E2,,L4 3WG,D9 8SF,8203503
344,725070,2016-02-21,S,L1,N6,U4,PR1,2017-04-20,E12,,W10 1GV,V19 4SU,2495265
345,550940,2017-11-10,S,D1,N5,U4,PR1,,E7,,U6 9KP,S16 7PI,3445057
346,155620,2016-12-10,S,V4,N1,U5,PR1,2017-07-19,X1,,K8 3EA,A23 8OE,4534271
347,155620,2017-07-19,L,L3,N1,U5,PR1,,X1,,K8 3EA,A23 8OE,4534271
350,365512,2015-08-06,P,E1,N7,U5,PR1,2017-04-04,X1,STAND,N22 4IA,Y26 5LI,7063523
351,365512,2017-04-04,P,E1,N7,R5,PR3,,X1,OTHER,D12 5UA,M4 4EW,5290488
352,635687,2017-02-18,S,V3,N5,U4,PR4,2017-05-31,X1,CLOSE,T17 7TS,P7 4MF,3662412
353,635687,2017-05-31,P,V3,N5,U5,PR4,2017-08-17,X1,STAND,D20 6LU,M3 7EA,7399481
354,635687,2017-08-17,P,V3,N5,A3,PR1,,X1,OTHER,V14 2HJ,H3 3JP,9003179
355,261427,2017-01-04,P,V4,N2,H5,PR4,2017-06-10,E4A,,L19 2LP,K20 9EV,1381448
356,6727,2017-03-26,T,C1,N8,U2,PR1,2018-03-02,E15,,F8 7SU,M10 9KJ,8970336
357,179822,2016-07-10,L,V2,N4,R5,PR3,2017-05-01,E7,,D5 9ON,W5 5FB,1661988
358,814038,2015-03-20,L,V4,N3,U1,PR1,2017-12-14,X1,APPRR,W21 2KK,N24 6XD,1681719
359,814038,2017-12-14,P,V4,N3,P1,PR0,,X1,CREQB,N30 2KT,Y7 3RN,5553242
362,765381,2017-01-30,S,L1,N2,A4,PR4,2017-09-11,X1,LAREQ,Q18 7ZK,G14 2KQ,9272323
363,765381,2017-09-11,P,L1,N2,K2,PR4,2017-09-12,X1,STAND,U3 2BI,W30 6JF,6339310
364,765381,2017-09-12,P,L1,N2,U5,PR4,2017-10-08,X1,CUSTOD,I27 3TY,J16 5VW,8292169
365,765381,2017-10-08,P,L1,N2,U4,PR1,2017-10-09,E41,,L21 9JF,H21 3NS,7437031
366,742220,2017-02-25,S,D1,N8,U4,PR1,2017-04-19,X1,CLOSE,I13 8GC,W6 7IK,3863898
367,742220,2017-04-19,P,D1,N8,P2,PR1,2017-08-16,X1,,I5 8VT,R5 3YQ,9605159
368,742220,2017-08-16,T,D1,N8,P2,PR1,,X1,,I5 8VT,R5 3YQ,9605159
369,280524,2018-03-22,S,J2,N6,U4,PR1,,E12,,R29 3XO,O21 3OX,7208026
370,5955,2017-12-10,S,L2,N7,U5,PR1,,X1,,T21 8TP,P25 5TU,7055526
371,99273,2016-10-08,S,C2,N6,U4,PR1,2017-06-13,X1,,M16 6DC,Y8 9YI,6776885
372,99273,2017-06-13,T,C2,N6,U4,PR1,,X1,,M16 6DC,Y8 9YI,6776885
373,775675,2016-08-07,P,J1,N7,U4,PR4,2017-07-04,X1,CLOSE,B6 5JW,W16 8TV,3504805
374,775675,2017-07-04,P,J1,N7,U4,PR4,2017-07-13,X1,CREQO,H29 9EV,W10 5AR,7941555
375,775675,2017-07-13,P,J1,N7,U4,PR4,,X1,CUSTOD,B7 5HS,Q9 4QO,5162756
376,800588,2017-03-20,L,C2,N8,U1,PR1,2017-04-18,E6,,I23 5MZ,J25 2NI,3031304
377,140405,2016-08-30,L,J2,N5,U4,PR4,2017-09-04,X1,PLACE,V30 7QO,X14 6RF,5080760
378,140405,2017-09-04,P,J2,N5,P1,PR0,,E8,,O5 2WI,B1 3XI,8925041
379,753090,2017-01-23,B,V4,N3,K2,PR4,2017-09-12,X1,,L27 2AG,V4 4RW,5498473
380,753090,2017-09-12,T,V4,N3,K2,PR4,,X1,CREQO,L27 2AG,V4 4RW,5498473
381,27053,2016-09-21,B,J1,N8,U2,PR1,2017-07-15,X1,CARPL,L19 6XH,F25 8HU,8539093
382,27053,2017-07-15,P,J1,N8,K2,PR4,2017-12-29,X1,CREQO,U2 2FM,B18 2BA,8266708
383,27053,2017-12-29,P,J1,N8,P1,PR0,2018-01-09,X1,,H20 1FP,A17 9KK,1087796
384,27053,2018-01-09,L,E1,N8,P1,PR0,2018-03-08,E46,,H20 1FP,A17 9KK,1087796
385,230761,2016-02-19,S,D1,N2,R2,PR3,2017-04-24,E5,,E27 4TY,I19 9RL,3673857
386,610489,2017-03-26,P,J1,N1,U6,PR1,2017-05-23,X1,,H19 7ZV,Z17 2YW,9529098
387,610489,2017-05-23,T,J1,N1,U6,PR1,2017-05-28,X1,,H19 7ZV,Z17 2YW,9529098
388,610489,2017-05-28,L,V4,N1,U6,PR1,2017-06-25,X1,CLOSE,H19 7ZV,Z17 2YW,9529098
389,610489,2017-06-25,P,V4,N1,U4,PR4,2017-09-15,X1,,C19 9VS,B23 8FN,4017911
390,610489,2017-09-15,L,C1,N1,U4,PR4,,X1,CUSTOD,C19 9VS,B23 8FN,4017911
393,369768,2015-12-13,B,L1,N1,U5,PR1,2017-05-22,X1,ALLEG,M18 1LD,G27 9EK,8340924
394,369768,2017-05-22,P,L1,N1,P2,PR4,2017-10-08,E4B,,N17 8FY,P3 4YV,6744285
395,628500,2018-02-04,S,V3,N3,P2,PR4,2018-02-26,X1,PLACE,E23 3XF,R14 5EM,1855443
396,628500,2018-02-26,P,V3,N3,K2,PR4,,E4A,,E15 1CJ,V16 8MW,2863991
397,397940,2017-09-30,S,L3,N5,U5,PR4,,E11,,M23 1CZ,A5 7DB,4420492
398,211806,2016-10-11,P,C1,N3,U2,PR1,2018-03-13,E11,,R30 7RU,U30 8RO,3575278
399,70568,2017-05-10,S,J2,N6,P2,PR4,,E48,,V1 9RI,C20 2VK,2455719
400,472130,2016-03-23,S,L1,N3,K2,PR4,2017-05-25,X1,CREQB,A25 5YU,X26 1JY,4309527
401,472130,2017-05-25,P,L1,N3,U4,PR4,2017-11-11,X1,CUSTOD,D25 7LU,L21 2VW,9767906
402,472130,2017-11-11,P,L1,N3,U4,PR4,,X1,LAREQ,W30 6AS,P10 4AI,8089777
403,396741,2015-09-05,U,V4,N3,S1,PR4,2017-08-03,E15,,Z6 9GN,S25 8BL,6752884
404,396741,2017-09-12,S,J1,N6,U5,PR4,2017-10-02,X1,,L20 7RP,C2 1IB,4532263
405,396741,2017-10-02,L,V4,N6,U5,PR4,2018-01-21,E4B,,L20 7RP,C2 1IB,4532263
406,677730,2016-08-17,S,D1,N4,U4,PR4,2017-04-12,X1,ALLEG,R9 8JE,S22 4MK,7847664
407,677730,2017-04-12,P,D1,N4,H5,PR4,2017-12-30,E48,,I11 5QT,L23 1IU,5961929
408,942534,2016-11-21,S,D1,N3,U5,PR1,2017-10-25,X1,,C22 1ZH,A1 2NY,9043047
409,942534,2017-10-25,L,V4,N3,U5,PR1,,E16,,C22 1ZH,A1 2NY,9043047
410,37452,2016-04-12,P,J3,N4,K2,PR1,2017-05-31,E46,,E1 3ZJ,Z3 6MZ,3830124
411,37452,2016-12-02,S,L2,N3,U4,PR1,2017-06-08,E6,,G12 4NQ,U9 3OE,9713639
412,187276,2015-09-02,T,V4,N5,A5,PR1,2018-03-03,E8,,H6 2EQ,F3 4VA,7405550
413,293925,2016-03-13,L,V4,N7,U5,PR4,2017-12-02,X1,CLOSE,P13 1IV,I19 8IY,8703332
414,293925,2017-12-02,P,V4,N7,R5,PR3,,X1,,J8 1YW,W9 3OC,5507300
415,690022,2017-08-11,S,V3,N1,U4,PR4,,X1,,Q2 9BY,P30 9RI,1753741
416,13086,2016-12-31,T,L3,N8,A3,PR4,2017-05-24,E47,,N8 7DA,Z13 3VZ,7599933
417,812221,2018-03-19,S,V3,N8,U4,PR1,,E4A,,X13 5RE,Z29 8LB,8386313
418,70974,2018-02-11,S,V2,N5,U5,PR4,2018-03-15,X1,STAND,G15 3SW,S4 5NN,3703022
419,70974,2018-03-15,P,V2,N5,U4,PR1,,X1,CREQO,E25 6GY,V14 2DV,1505081
420,972733,2017-12-15,S,V2,N1,U1,PR1,,X1,OTHER,O18 1LJ,Z25 1DZ,5242403
423,211309,2017-05-02,S,V3,N3,K2,PR4,2017-07-13,X1,CLOSE,W6 5MK,Q19 3CF,7009140
424,211309,2017-07-13,P,V3,N3,U5,PR4,,E4A,,X23 1ST,Y26 1HE,9539469
425,359195,2016-08-08,P,J1,N6,U5,PR1,2017-05-16,X1,CUSTOD,V22 2OT,M27 6UE,1417784
426,359195,2017-05-16,P,J1,N6,P1,PR0,2018-03-15,X1,CREQB,Q5 2VE,G15 5VG,6144777
427,359195,2018-03-15,P,J1,N6,U5,PR1,,X1,APPRR,O3 1PQ,W15 8CF,2830016
428,159447,2016-12-11,P,C2,N2,K2,PR4,2018-03-21,X1,CUSTOD,W1 9FI,P2 8TI,6793409
429,159447,2018-03-21,P,C2,N2,U5,PR1,,E12,,A8 5NN,I21 7VO,6329716
430,352274,2017-03-12,P,L2,N8,P2,PR4,2018-01-08,X1,PLACE,W16 9BQ,X29 8GY,9749555
431,352274,2018-01-08,P,L2,N8,R5,PR3,,E47,,R9 5XZ,D20 9HO,7571780
432,922154,2017-08-22,S,C1,N7,U5,PR1,2017-09-06,X1,PLACE,R19 4HC,Z24 8LN,6669860
433,922154,2017-09-06,P,C1,N7,U4,PR4,2017-10-06,E16,,V19 7FU,F10 6OX,4245578
434,980455,2013-11-02,S,V2,N6,U4,PR1,2017-07-24,X1,,I15 7QF,A23 5SL,2640232
435,980455,2017-07-24,L,V2,N6,U4,PR1,2017-12-03,E11,,I15 7QF,A23 5SL,2640232
436,831429,2017-03-14,P,V4,N2,U4,PR1,2017-04-24,X1,APPRR,L9 2EO,Z30 2JD,7235824
437,831429,2017-04-24,P,V4,N2,K2,PR1,2017-12-16,E9,,M17 1TA,Q20 1ML,6908864
438,831429,2017-11-12,S,D1,N8,U4,PR1,,X1,,T4 4CN,N15 1CT,2608871
439,315859,2016-12-29,P,L1,N4,P2,PR4,2017-05-31,X1,CLOSE,T15 5OO,T27 1AU,5199723
440,315859,2017-05-31,P,L1,N4,K2,PR1,,E15,,Z30 4II,E20 6EG,3040858
441,372110,2016-10-25,S,D1,N2,K2,PR4,2018-03-11,E8,,M21 9NN,G14 5QY,1579161
442,579068,2017-11-23,S,C1,N6,U5,PR1,,X1,ALLEG,P23 7QI,R23 9FJ,3755411
443,662834,2016-10-13,P,J1,N4,U5,PR1,2017-08-25,E46,,R11 8YI,W26 7DA,8702128
444,978525,2017-01-26,P,J3,N3,U4,PR4,2017-06-18,E47,,N16 3ZR,D17 2CC,5838360
445,411707,2017-01-02,P,D1,N2,U5,PR4,2017-06-19,X1,ALLEG,I25 2EO,T26 9IQ,3053123
446,411707,2017-06-19,P,D1,N2,U4,PR1,2017-08-21,X1,LAREQ,T23 7CT,P7 8VA,1782780
447,411707,2017-08-21,P,D1,N2,U4,PR4,2017-11-23,X1,LAREQ,Y20 1MQ,F3 4HW,9593010
448,411707,2017-11-23,P,D1,N2,U4,PR4,2018-03-28,X1,ALLEG,B4 8PS,P17 4IO,9571479
449,411707,2018-03-28,P,D1,N2,K2,PR1,,X1,CREQO,R18 6GW,L5 9EC,6066701
450,103114,2016-02-19,S,L1,N4,U5,PR1,2018-01-12,X1,CHILD,L25 3EM,Z29 8VX,2433800
451,103114,2018-01-12,P,L1,N4,U4,PR1,,E12,,X19 7EU,N8 6HC,3950145
456,268322,2016-02-26,L,V4,N3,K2,PR4,2017-05-06,E7,,I13 4OT,V12 2VD,6189025
459,127407,2017-03-18,L,L3,N4,U4,PR1,2017-07-16,X1,APPRR,K10 9DX,B2 8CN,1764266
460,127407,2017-07-16,P,L3,N4,U4,PR4,2018-03-10,E48,,G15 8OF,T27 6SN,9056094
461,388154,2016-11-30,P,E1,N4,U4,PR1,2017-04-19,X1,,Q20 6TU,L14 8YM,8729628
462,388154,2017-04-19,L,V2,N4,U4,PR1,,X1,,Q20 6TU,L14 8YM,8729628
463,371371,2015-11-14,T,L2,N1,U4,PR1,2017-08-18,E4B,,Q24 1AH,C17 9WA,7048961
468,481088,2016-04-27,P,C1,N7,K2,PR4,2017-06-28,X1,PLACE,H3 8LK,F8 6RN,5650386
469,481088,2017-06-28,P,C1,N7,U5,PR4,2018-01-12,X1,,D3 1DX,B24 9HF,6825433
470,481088,2018-01-12,L,E1,N7,U5,PR4,2018-02-25,X1,STAND,D3 1DX,B24 9HF,6825433
471,481088,2018-02-25,P,E1,N7,U5,PR4,,X1,,Y27 9FO,R29 7BI,1153728
474,766270,2016-06-13,L,C1,N8,U2,PR1,2017-10-23,X1,STAND,R1 5RS,E7 9YO,9320791
475,766270,2017-10-23,P,C1,N8,U2,PR1,,X1,PLACE,M19 8CT,C17 2IM,4055204
476,800491,2015-07-29,B,D1,N5,U5,PR1,2018-03-23,X1,PLACE,E11 3ZZ,L22 3TD,5391942
477,800491,2018-03-23,P,D1,N5,U4,PR4,,X1,CREQB,I23 5WL,L6 2NE,4200967
478,800491,2017-10-05,S,L3,N1,U4,PR4,2017-10-24,E6,,X1 2IK,V10 2DI,2776010
479,59087,2017-02-14,S,E1,N4,K2,PR4,2018-01-17,E12,,P15 9SS,V28 4AV,9343783
480,750487,2018-01-17,S,J2,N5,R1,PR4,,X1,,Q17 4UI,S17 5BE,9632595
481,309114,2016-11-29,P,J3,N4,U5,PR4,2017-08-05,E8,,M23 2OK,Y10 9SD,9968801
482,53927,2017-11-08,S,D1,N3,U4,PR4,,E16,,D14 1MY,H18 1IB,9225169
483,814280,2017-01-30,P,D1,N6,K2,PR4,2017-05-21,X1,PLACE,I4 7AS,H19 2IN,8834933
484,814280,2017-05-21,P,D1,N6,U4,PR1,2017-10-13,X1,,A7 2AK,G13 4RS,3908284
485,814280,2017-10-13,L,J3,N6,U4,PR1,2018-01-16,E2,,A7 2AK,G13 4RS,3908284
488,460574,2016-07-05,S,J3,N2,U5,PR1,2017-07-01,X1,,P12 3CR,B21 1SZ,1109046
489,460574,2017-07-01,T,J3,N2,U5,PR1,2017-07-14,X1,,P12 3CR,B21 1SZ,1109046
490,460574,2017-07-14,T,J3,N2,U5,PR1,,X1,LAREQ,P12 3CR,B21 1SZ,1109046
491,64233,2016-11-30,P,C2,N7,U5,PR4,2017-04-27,X1,,R28 4HB,Z13 3HK,7183012
492,64233,2017-04-27,L,J1,N7,U5,PR4,2017-11-17,X1,,R28 4HB,Z13 3HK,7183012
493,64233,2017-11-17,L,J1,N7,U5,PR4,2017-11-25,E4A,,R28 4HB,Z13 3HK,7183012
494,284120,2016-07-31,S,V3,N4,P1,PR0,2017-04-25,X1,CLOSE,A17 6BB,M20 4ET,5894056
495,284120,2017-04-25,P,V3,N4,U5,PR4,2018-03-04,X1,,F10 3ME,V14 9QP,4933274
496,284120,2018-03-04,L,J2,N4,U5,PR4,,X1,CARPL,F10 3ME,V14 9QP,4933274
497,856877,2016-07-02,P,V3,N8,K2,PR4,2017-05-11,E16,,R26 9WT,K16 7QI,4806612
498,546042,2017-09-18,S,J1,N2,U3,PR1,2017-12-05,X1,CUSTOD,T19 2EM,D30 4SO,1892981
499,546042,2017-12-05,P,J1,N2,U4,PR1,,X1,PLACE,M28 3JK,P18 4TS,3547612
500,425538,2016-12-07,S,V3,N8,U4,PR1,2017-06-19,X1,CLOSE,X5 1KA,D30 6TX,1969585
501,425538,2017-06-19,P,V3,N8,U4,PR4,,X1,ALLEG,X25 2WP,D16 3YR,5831901
502,851516,2016-11-22,P,V2,N8,H5,PR4,2017-06-28,X1,,J27 4NR,Y20 5BM,7871466
503,851516,2017-06-28,L,E1,N8,H5,PR4,2017-08-15,X1,,J27 4NR,Y20 5BM,7871466
504,851516,2017-08-15,L,C1,N8,H5,PR4,2017-09-23,E6,,J27 4NR,Y20 5BM,7871466
507,519,2017-03-09,P,J2,N6,U4,PR1,2017-12-23,E4A,,O6 1YB,Y26 2WY,3701521
508,519,2017-09-14,S,D1,N8,U5,PR4,2018-02-19,X1,,G23 4FG,C14 9EK,5289150
509,519,2018-02-19,L,L3,N8,U5,PR4,,E45,,G23 4FG,C14 9EK,5289150
510,75578,2017-04-28,S,J1,N4,U4,PR4,2017-10-20,X1,CUSTOD,C9 1ME,U1 6BY,6626338
511,75578,2017-10-20,P,J1,N4,R5,PR3,,E45,,Q9 1VV,Y30 6KS,8427430
512,325007,2017-03-29,P,D1,N8,U5,PR4,2017-04-04,X1,,M6 6QA,O26 8AU,3494796
513,325007,2017-04-04,L,E1,N8,U5,PR4,2017-11-06,X1,CARPL,M6 6QA,O26 8AU,3494796
514,325007,2017-11-06,P,E1,N8,U4,PR4,,E12,,I17 4WA,P6 3QM,3480570
515,980483,2016-10-04,L,V4,N2,U4,PR1,2017-08-08,X1,STAND,A17 9LM,K22 2AT,3456429
516,980483,2017-08-08,P,V4,N2,U4,PR1,2017-08-12,E5,,Y21 9JR,D11 8HB,4872214
517,604396,2016-12-16,P,E1,N2,P2,PR4,2017-04-20,E15,,E27 2YY,P7 2CO,2914309
518,294875,2016-11-24,P,J2,N1,U2,PR1,2017-09-18,X1,,L9 6NN,S16 9HA,2092383
519,294875,2017-09-18,L,V4,N1,U2,PR1,2017-12-15,X1,,L9 6NN,S16 9HA,2092383
520,294875,2017-12-15,L,J1,N1,U2,PR1,2017-12-16,X1,,L9 6NN,S16 9HA,2092383
521,294875,2017-12-16,L,J1,N1,U2,PR1,,X1,CARPL,L9 6NN,S16 9HA,2092383
522,241130,2017-03-23,S,V3,N7,U5,PR4,2017-05-01,X1,,U21 1GW,W10 7WK,9923187
523,241130,2017-05-01,L,V2,N7,U5,PR4,2017-09-09,E45,,U21 1GW,W10 7WK,9923187
524,502148,2018-03-07,S,V4,N3,H5,PR1,,X1,CLOSE,K6 1FB,S23 8UB,3023864
525,411555,2018-03-15,S,L2,N3,P2,PR1,,X1,LAREQ,B3 4AB,Q8 9GJ,1506460
526,172092,2016-10-12,P,L2,N1,A4,PR4,2017-05-23,X1,,I17 3DY,S6 9LS,9919689
527,172092,2017-05-23,T,L2,N1,A4,PR4,2017-06-25,E17,,I17 3DY,S6 9LS,9919689
528,667440,2015-10-18,P,D1,N3,H5,PR1,2017-05-21,E3,,B23 6HY,J22 4VD,8689301
532,740561,2015-08-23,P,E1,N1,U4,PR4,2017-06-18,X1,APPRR,P25 8AY,S8 2HE,2627063
533,740561,2017-06-18,P,E1,N1,U5,PR1,,E46,,S16 7ED,E4 5XU,1311850
534,793208,2017-02-10,L,L1,N5,U5,PR1,2017-04-21,E11,,U19 9KB,H8 8FE,1387306
535,364661,2017-04-05,S,C2,N4,P2,PR4,2018-01-15,X1,STAND,X17 3SF,A23 9BX,1213670
536,364661,2018-01-15,P,C2,N4,P2,PR4,2018-02-06,X1,CREQB,Q24 4HS,H29 1DG,3987363
537,364661,2018-02-06,P,C2,N4,H5,PR4,,E47,,Q30 4NQ,F11 7EX,4430883
538,454546,2017-01-19,S,J1,N7,K2,PR1,2017-10-14,X1,CREQO,Q10 9AB,N3 4UI,9697284
539,454546,2017-10-14,P,J1,N7,U4,PR4,2018-01-14,X1,,M6 5PG,U21 5MB,8871822
540,454546,2018-01-14,L,J1,N7,U4,PR4,,X1,PLACE,M6 5PG,U21 5MB,8871822
541,876799,2017-02-16,S,V2,N1,U5,PR1,2017-10-21,E16,,O28 3ML,W18 1CG,1760703
545,890271,2016-03-20,P,L3,N5,P2,PR4,2017-06-22,X1,,B8 4XH,V9 8IR,2760649
546,890271,2017-06-22,L,L2,N5,P2,PR4,2017-07-03,E11,,B8 4XH,V9 8IR,2760649
548,444178,2016-12-11,T,C2,N3,A5,PR4,2017-08-11,X1,ALLEG,J22 1BA,N22 1HW,1232331
549,444178,2017-08-11,P,C2,N3,H5,PR4,,E46,,M27 5PI,L4 5NY,4233628
550,446453,2017-03-27,L,C1,N1,U3,PR1,2017-10-12,X1,CREQO,O24 7BO,F3 1IK,5431075
551,446453,2017-10-12,P,C1,N1,U5,PR1,,E2,,E3 5QX,K19 1IH,6531326
552,621603,2016-06-27,L,V3,N1,K2,PR1,2017-08-10,E47,,N24 7MM,M30 3DE,2568909
553,275069,2017-12-28,S,V4,N3,U5,PR4,,X1,,A7 5GR,S5 2BC,5917576
554,962525,2017-04-20,S,J2,N8,U3,PR1,2017-09-21,E15,,I27 5JT,H22 8MB,8141356
555,625998,2017-05-05,S,V2,N6,U1,PR1,2017-05-23,X1,CREQO,C30 8QU,K19 8BA,6520443
556,625998,2017-05-23,P,V2,N6,U4,PR4,2017-07-25,X1,,C24 5US,R18 1FA,3751583
557,625998,2017-07-25,L,L3,N6,U4,PR4,2017-08-17,X1,CARPL,C24 5US,R18 1FA,3751583
558,625998,2017-08-17,P,L3,N6,U5,PR4,,X1,CARPL,K23 9RC,W19 7VY,3410334
559,532196,2016-05-11,P,E1,N4,U3,PR1,2017-04-30,X1,,L2 9JB,N12 6IC,7887223
560,532196,2017-04-30,T,E1,N4,U3,PR1,2017-06-02,X1,CHILD,L2 9JB,N12 6IC,7887223
561,532196,2017-06-02,P,E1,N4,U4,PR1,2018-01-06,E48,,G21 3RG,K19 7OO,4314080
562,417910,2016-09-10,T,J2,N3,U4,PR4,2017-06-04,X1,ALLEG,P9 4SR,G17 3ZO,7529551
563,417910,2017-06-04,B,C2,N3,U5,PR1,,E4B,,H11 7ZO,S7 5OR,1019536
564,916945,2017-05-04,S,V3,N7,U5,PR1,2017-09-28,X1,ALLEG,P25 2ZA,T21 1NJ,3603426
565,916945,2017-09-28,P,V3,N7,H5,PR4,2018-01-30,E47,,E27 7JA,S3 2PV,9829569
566,518169,2016-12-28,P,E1,N7,K2,PR4,2017-04-13,E6,,U22 6AW,S14 8FC,4638336
569,162049,2017-10-14,S,L2,N7,U4,PR1,,X1,CHILD,C18 3WT,P18 2QV,4059384
570,744111,2016-12-17,P,V3,N5,R5,PR3,2017-10-01,E15,,B4 3IH,F17 6ZO,6573375
571,818828,2016-01-18,L,J3,N8,U5,PR4,2017-05-22,X1,CLOSE,W24 8KD,H18 6GY,5383942
572,818828,2017-05-22,P,J3,N8,P2,PR4,2017-12-25,X1,,V12 4CR,G28 3OJ,6786368
573,818828,2017-12-25,T,J3,N8,P2,PR4,,X1,CREQO,V12 4CR,G28 3OJ,6786368
574,675419,2016-10-12,S,L3,N6,K2,PR4,2018-03-14,X1,STAND,A9 9TZ,V26 6ME,2295353
575,675419,2018-03-14,P,L3,N6,U5,PR4,,E11,,L9 6TZ,U20 2DA,6686163
576,152230,2016-08-22,P,V2,N7,U4,PR4,2017-11-13,X1,LAREQ,U1 2BZ,E22 4XR,1524765
577,152230,2017-11-13,P,V2,N7,U5,PR1,2018-02-23,E3,,R7 1IL,K2 1JV,5223082
578,970280,2017-03-10,P,V4,N8,U6,PR4,2017-10-13,X1,,A24 5DM,F17 2DL,6543347
579,970280,2017-10-13,L,L3,N8,U6,PR4,2018-02-22,X1,PLACE,A24 5DM,F17 2DL,6543347
580,970280,2018-02-22,P,L3,N8,U5,PR4,,E41,,I26 8AH,M10 2UD,6724121
581,948155,2016-08-18,L,E1,N6,U1,PR1,2017-05-25,X1,,C6 9OQ,N17 5JR,3840491
582,948155,2017-05-25,L,L1,N6,U1,PR1,2017-07-30,X1,CARPL,C6 9OQ,N17 5JR,3840491
583,948155,2017-07-30,P,L1,N6,U5,PR1,2017-10-15,E48,,X20 1MU,W11 8WX,6840341
584,544632,2017-02-22,L,C2,N8,U5,PR4,2017-11-25,X1,,Y23 1TV,K13 8TR,1105368
585,544632,2017-11-25,L,J2,N8,U5,PR4,,E17,,Y23 1TV,K13 8TR,1105368
586,397023,2016-07-07,L,V3,N1,U4,PR1,2017-07-23,X1,ALLEG,P3 5HF,L19 1QK,4798658
587,397023,2017-07-23,P,V3,N1,S1,PR4,,X1,CARPL,H11 2GE,V4 9WY,6311295
588,438930,2017-05-24,S,C2,N3,U5,PR4,2017-06-06,E14,,X15 4DK,O22 6AV,6690152
589,208073,2016-12-01,S,V2,N5,U5,PR4,2017-04-15,E14,,J4 6BX,U5 2ZI,1903526
590,923920,2016-12-04,L,C2,N1,P1,PR0,2018-02-24,X1,,Z6 7DT,Z18 4QC,7841254
591,923920,2018-02-24,L,D1,N1,P1,PR0,,E12,,Z6 7DT,Z18 4QC,7841254
592,824525,2017-02-11,S,L3,N3,P2,PR4,2017-12-20,E5,,C22 8CO,R14 3LQ,7162004
593,422617,2016-05-20,P,V4,N5,A3,PR1,2017-10-13,X1,,W17 7LU,M4 7GZ,5371478
594,422617,2017-10-13,L,V4,N5,A3,PR1,2017-10-24,X1,CREQB,W17 7LU,M4 7GZ,5371478
595,422617,2017-10-24,P,V4,N5,U4,PR4,2018-02-28,X1,,I30 7GJ,B2 5ZR,3388356
596,422617,2018-02-28,L,L1,N5,U4,PR4,,X1,,I30 7GJ,B2 5ZR,3388356
597,153964,2017-09-05,S,L1,N3,K2,PR1,2017-10-20,E13,,L22 1VQ,B20 9HQ,6053918
598,272687,2016-04-23,L,C2,N2,U4,PR4,2017-06-18,X1,PLACE,X25 2NU,V8 6ZB,3213271
599,272687,2017-06-18,P,C2,N2,P1,PR0,2017-08-03,E45,,J24 2CU,O2 9RF,4415339
600,707054,2017-02-02,P,J2,N7,U4,PR1,2017-05-16,E16,,Q21 1TK,E4 9HS,4643805
601,289373,2016-06-15,P,C2,N1,K2,PR4,2017-04-18,E13,,R3 9XE,N20 6SM,2870075
602,709655,2016-10-13,S,V2,N5,U4,PR1,2017-05-16,X1,OTHER,K30 4LU,H16 8PI,8573060
603,709655,2017-05-16,P,V2,N5,U5,PR4,,E15,,L21 7WB,S7 6WV,4880434
604,138289,2016-10-18,S,L2,N5,H5,PR4,2017-04-30,X1,PLACE,H12 1LF,Y14 4RT,5389049
605,138289,2017-04-30,P,L2,N5,P2,PR4,2017-09-20,E46,,Q26 2GR,H10 9BV,8795180
606,422413,2017-08-19,S,J3,N7,K2,PR4,2017-11-01,X1,,V14 7ZX,U19 7YR,9626609
607,422413,2017-11-01,L,V4,N7,K2,PR4,,X1,CLOSE,V14 7ZX,U19 7YR,9626609
608,957444,2017-03-18,U,D1,N4,U5,PR4,2018-02-24,E47,,Q18 9FD,O24 5VI,1990261
609,553116,2017-01-01,S,C1,N5,U3,PR1,2018-01-16,E17,,I26 4GT,T23 1AD,5548004
610,92150,2016-12-29,L,C1,N7,K2,PR4,2017-05-03,X1,CHILD,F8 9IN,M24 7BE,1315324
611,92150,2017-05-03,P,C1,N7,R1,PR4,2017-08-07,X1,CREQO,D8 2QT,K7 4SI,7734716
612,92150,2017-08-07,P,C1,N7,K2,PR4,2017-10-17,X1,LAREQ,T7 3FW,Y20 4SX,2517089
613,92150,2017-10-17,P,C1,N7,U4,PR4,2018-02-24,X1,CLOSE,H4 2CT,B26 6RL,1298800
614,92150,2018-02-24,P,C1,N7,R2,PR3,,X1,CREQB,F30 1JC,J16 2JY,6755279
615,92150,2016-10-04,T,L3,N7,U4,PR4,2017-07-10,X1,APPRR,A19 4CV,X19 3KE,6090235
616,92150,2017-07-10,P,L3,N7,U5,PR1,,E15,,P23 4BT,Q15 2BG,4890041
617,282067,2016-03-10,P,J2,N5,U5,PR4,2017-04-05,X1,OTHER,I6 3AG,G22 9ED,9844289
618,282067,2017-04-05,P,J2,N5,U4,PR1,2018-02-11,X1,CHILD,M8 1GW,Y13 9AI,9426813
619,282067,2018-02-11,P,J2,N5,U5,PR4,,X1,,B1 1KO,C25 3ON,7936946
621,719756,2016-12-29,S,J3,N7,U5,PR1,2017-07-15,X1,APPRR,L13 4VY,P13 3IL,4341498
622,719756,2017-07-15,P,J3,N7,U5,PR4,2017-08-13,X1,,R10 4EL,F18 3NR,9756063
623,719756,2017-08-13,U,V4,N7,U5,PR4,2017-11-02,X1,,R10 4EL,F18 3NR,9756063
624,719756,2017-11-02,T,V4,N7,U5,PR4,2017-11-21,X1,,R10 4EL,F18 3NR,9756063
625,719756,2017-11-21,L,J2,N7,U5,PR4,,X1,STAND,R10 4EL,F18 3NR,9756063
626,844369,2017-01-12,P,V4,N6,U1,PR1,2017-08-04,X1,,Z29 2UF,F10 8AY,4312815
627,844369,2017-08-04,T,V4,N6,U1,PR1,,E14,,Z29 2UF,F10 8AY,4312815
628,533989,2017-02-12,P,J2,N3,U5,PR4,2018-01-04,X1,PLACE,Z24 7RB,J26 9GA,1468889
629,533989,2018-01-04,P,J2,N3,U4,PR4,,X1,STAND,R22 2EC,L18 3IE,2656105
630,236096,2017-04-18,S,J3,N4,U4,PR1,2017-10-13,X1,CUSTOD,A21 5MR,W25 6MD,4472179
631,236096,2017-10-13,P,J3,N4,U4,PR4,2018-01-11,X1,OTHER,J17 4HS,X14 7YF,4239317
632,236096,2018-01-11,P,J3,N4,K2,PR4,,X1,STAND,X22 5FD,G22 5LR,7534018
633,146596,2016-11-16,S,E1,N7,U4,PR4,2017-06-30,X1,,R22 7YB,B3 4BV,1024977
634,146596,2017-06-30,L,V2,N7,U4,PR4,2018-03-17,X1,CLOSE,R22 7YB,B3 4BV,1024977
635,146596,2018-03-17,P,V2,N7,U5,PR4,,X1,,G3 6AR,N14 2QG,7104785
636,622236,2017-02-26,S,D1,N3,U4,PR1,2017-06-28,X1,PLACE,Z26 3AP,D13 3XK,5496799
637,622236,2017-06-28,P,D1,N3,U5,PR1,2017-10-25,E4B,,A13 1RZ,T14 7JP,6609237
638,865691,2018-01-01,S,D1,N8,U4,PR4,,X1,,S27 9OZ,P12 9HR,6263316
645,814378,2016-07-07,P,L2,N2,U5,PR4,2018-01-29,X1,CREQO,V6 5LA,N11 8ZX,6368173
646,814378,2018-01-29,P,L2,N2,P2,PR4,2018-02-22,X1,CLOSE,C5 7KZ,O8 3EB,6702614
647,814378,2018-02-22,P,L2,N2,P2,PR4,,X1,CARPL,U28 6NO,V6 5JM,5473457
652,342559,2016-07-07,T,V3,N2,U4,PR1,2017-04-15,X1,LAREQ,V26 6QU,S5 6VU,4781743
653,342559,2017-04-15,P,V3,N2,H5,PR4,2017-05-20,E47,,B15 5XX,M6 3EX,5287368
654,882477,2017-02-25,P,L3,N7,U4,PR4,2017-05-27,X1,PLACE,M2 1GQ,G25 4KJ,5906247
655,882477,2017-05-27,P,L3,N7,K2,PR4,2017-08-27,X1,CUSTOD,A14 1OD,I12 5WA,3488609
656,882477,2017-08-27,P,L3,N7,A5,PR1,,X1,CARPL,H10 6QB,S13 5EM,7136644
657,278501,2017-11-26,S,C2,N4,U4,PR1,,X1,,O22 7BE,W5 3XC,6581551
658,768841,2016-07-16,P,V4,N2,U5,PR4,2017-06-27,X1,,W13 6GH,P24 5AG,9230871
659,768841,2017-06-27,L,V2,N2,U5,PR4,2018-02-14,X1,CARPL,W13 6GH,P24 5AG,9230871
660,768841,2018-02-14,P,V2,N2,U5,PR4,2018-03-27,E14,,S3 9KH,R2 8UY,7291178
661,666948,2016-11-04,S,L2,N1,U5,PR1,2017-12-01,X1,LAREQ,I22 1WZ,U4 3GB,3665579
662,666948,2017-12-01,P,L2,N1,U5,PR1,,E16,,B6 9PZ,X6 7YN,2347666
664,433741,2016-09-26,T,L2,N6,U5,PR1,2017-05-17,X1,,P10 3FU,C20 2OV,8056310
665,433741,2017-05-17,U,L3,N6,U5,PR1,2017-10-04,X1,,P10 3FU,C20 2OV,8056310
666,433741,2017-10-04,L,V2,N6,U5,PR1,,X1,,P10 3FU,C20 2OV,8056310
667,163651,2015-07-04,P,E1,N1,U5,PR1,2017-09-12,X1,ALLEG,V27 3GP,N27 2IU,6306029
668,163651,2017-09-12,P,E1,N1,K2,PR1,2017-10-16,X1,CHILD,G24 5ED,F18 7KG,5746740
669,163651,2017-10-16,P,E1,N1,U5,PR4,2018-01-01,X1,CUSTOD,N9 6SU,D20 2VD,5629327
670,163651,2018-01-01,P,E1,N1,U4,PR1,,E5,,E11 5GW,Y26 5XJ,4124571
671,900357,2017-02-01,T,J3,N6,K2,PR4,2017-12-13,E15,,Y8 7NH,Q25 7RR,4246130
672,506195,2016-06-06,P,V2,N7,H5,PR1,2017-08-18,E12,,M3 9UM,N29 3LB,3325297
673,909227,2017-02-13,S,C1,N6,K2,PR4,2017-09-10,E3,,A12 7SU,Y27 2CD,3826834
674,519059,2016-09-27,P,V2,N7,U6,PR1,2017-06-05,X1,CUSTOD,K22 4KI,K12 1WE,6527946
675,519059,2017-06-05,P,V2,N7,U5,PR4,,X1,CUSTOD,R17 8JU,V12 1AD,3171428
676,524792,2016-09-27,P,L1,N5,K2,PR1,2018-01-13,X1,CREQO,Y6 8OJ,X28 8WN,4559477
677,524792,2018-01-13,P,L1,N5,U5,PR4,,X1,APPRR,F6 5MM,G9 3TU,9307552
678,288164,2016-11-04,P,J2,N6,U4,PR4,2017-10-02,X1,STAND,C10 3BJ,H3 5HI,8206606
679,288164,2017-10-02,P,J2,N6,U3,PR1,,E13,,T13 9JO,J10 8FM,9397087
680,283412,2017-08-04,S,J2,N5,U4,PR1,2017-11-19,E46,,X12 9RI,N12 1NP,9436977
681,5185,2016-08-04,L,E1,N7,U4,PR1,2017-05-20,X1,CREQO,I2 6YU,X4 8RT,6383350
682,5185,2017-05-20,P,E1,N7,U4,PR4,2017-12-09,E4B,,P10 7AR,V4 9TK,9911153
683,937220,2016-12-01,S,C2,N4,U4,PR1,2017-06-27,X1,,R26 4SD,Y18 5UL,9496328
684,937220,2017-06-27,L,D1,N4,U4,PR1,,X1,CREQO,R26 4SD,Y18 5UL,9496328
688,665330,2016-10-20,T,V2,N7,U5,PR4,2017-06-12,E13,,J1 5YZ,L19 5BX,1026907
696,9522,2016-12-05,S,L1,N6,P2,PR4,2017-07-10,E5,,L13 6ZI,V29 7UO,9965936
697,915936,2016-12-02,L,L3,N1,U5,PR1,2018-03-16,X1,,S3 6OZ,V21 7KT,8400297
698,915936,2018-03-16,L,L2,N1,U5,PR1,2018-03-28,E14,,S3 6OZ,V21 7KT,8400297
699,975846,2015-11-11,S,J3,N6,U5,PR4,2017-10-07,E41,,P6 3KQ,T10 7MB,8899275
701,127822,2017-03-01,P,V4,N1,U5,PR1,2017-12-31,X1,OTHER,Y29 2SB,D23 9UQ,1137992
702,127822,2017-12-31,P,V4,N1,U5,PR1,,X1,,T8 3BA,V21 3PN,8968064
703,396544,2017-03-03,P,V2,N2,U4,PR4,2017-04-07,X1,CHILD,R4 7RR,K8 7NQ,1442912
704,396544,2017-04-07,P,V2,N2,U5,PR1,2017-12-13,X1,,W15 8OB,C30 3RC,1563837
705,396544,2017-12-13,T,V2,N2,U5,PR1,2018-02-12,E12,,W15 8OB,C30 3RC,1563837
706,741403,2016-11-06,P,V2,N6,K2,PR4,2017-04-27,E46,,Z24 1LL,X17 9SM,6025041
707,720102,2013-08-27,S,J2,N2,P1,PR0,2017-07-03,X1,,R10 6EC,M15 7IS,5789813
708,720102,2017-07-03,L,D1,N2,P1,PR0,2017-07-31,X1,LAREQ,R10 6EC,M15 7IS,5789813
709,720102,2017-07-31,P,D1,N2,U4,PR4,2017-11-15,X1,,C17 2TY,D9 9EG,8049736
710,720102,2017-11-15,L,J3,N2,U4,PR4,2018-03-17,X1,CUSTOD,C17 2TY,D9 9EG,8049736
711,720102,2018-03-17,P,J3,N2,U5,PR4,,X1,,V2 1QW,M23 2OK,5631513
712,62049,2016-07-29,T,J2,N8,U2,PR1,2017-04-15,X1,OTHER,N30 2BD,R19 9TW,8920032
713,62049,2017-04-15,P,J2,N8,U2,PR1,2017-04-29,X1,CREQB,N20 4KM,V16 9AH,5430837
714,62049,2017-04-29,P,J2,N8,A5,PR4,,E17,,W6 2SY,A20 2GX,1682093
715,180755,2016-11-04,P,V4,N8,U2,PR1,2017-10-16,X1,,Z11 4KO,T22 7TO,3344897
716,180755,2017-10-16,L,J3,N8,U2,PR1,,X1,,Z11 4KO,T22 7TO,3344897
717,259829,2016-10-01,L,J2,N8,U5,PR1,2017-06-25,X1,PLACE,V18 6RY,G4 7XB,4141183
718,259829,2017-06-25,P,J2,N8,K2,PR4,2018-02-26,E8,,R8 9YK,W3 6XP,9468358
719,662981,2017-11-25,S,J3,N7,U4,PR1,2018-03-15,E15,,U28 4TU,W7 2AP,8017432
720,485365,2016-07-05,P,V2,N2,U4,PR4,2017-11-21,E4B,,L25 5IB,Z17 4FO,9483562
722,161955,2017-03-21,S,D1,N1,K2,PR4,2017-05-19,X1,CREQO,A5 1JX,G28 5HX,4796733
723,161955,2017-05-19,P,D1,N1,U5,PR1,,E45,,U23 4YP,U6 9RZ,4290219
724,906009,2016-09-08,P,D1,N7,U4,PR1,2017-04-02,E8,,P27 3JN,Y2 3DK,6483862
725,616437,2017-05-17,S,V2,N8,U4,PR1,,X1,CREQO,W30 5UA,Z21 3HA,6119722
726,983950,2017-03-26,P,D1,N5,R5,PR3,2018-03-01,X1,APPRR,Y4 3SM,C28 8IC,4673942
727,983950,2018-03-01,P,D1,N5,U6,PR4,2018-03-19,E17,,Q26 1YT,Y22 5GD,9258902
728,947035,2016-11-17,L,L3,N1,P1,PR0,2017-06-24,X1,CLOSE,X12 4WZ,U20 5GI,4067236
729,947035,2017-06-24,P,L3,N1,U4,PR1,2017-08-09,X1,OTHER,K24 6SF,J7 3VR,9663332
730,947035,2017-08-09,P,L3,N1,U2,PR1,2018-02-14,E41,,Y4 3NW,U23 3UZ,2342243
731,580909,2016-12-17,S,J3,N1,U5,PR4,2017-08-09,X1,CARPL,H1 2GV,S11 2EA,1057740
732,580909,2017-08-09,P,J3,N1,U4,PR4,2018-01-20,X1,OTHER,U22 7EO,V6 8MN,1059516
733,580909,2018-01-20,P,J3,N1,K2,PR1,,X1,OTHER,J4 6GM,D14 8YX,5692510
734,32517,2017-01-23,L,J3,N1,A3,PR1,2017-09-12,X1,,I27 7RP,A23 9XS,8407569
735,32517,2017-09-12,L,D1,N1,A3,PR1,2017-10-21,E41,,I27 7RP,A23 9XS,8407569
736,741598,2017-03-25,L,C2,N8,A3,PR1,2017-11-24,X1,,P25 9RZ,B24 1FQ,6315804
737,741598,2017-11-24,T,C2,N8,A3,PR1,,X1,,P25 9RZ,B24 1FQ,6315804
738,986890,2016-11-14,T,L2,N2,U3,PR1,2018-01-15,X1,STAND,I21 9TT,Y29 3ME,2440348
739,986890,2018-01-15,P,L2,N2,K2,PR4,,X1,CHILD,P28 8DO,I10 2EK,8927534
740,897460,2015-04-22,P,V4,N1,U4,PR4,2017-05-17,X1,OTHER,V29 3GC,O12 5FI,5993598
741,897460,2017-05-17,P,V4,N1,U4,PR1,,E9,,Z12 5VU,T2 7DH,1547594
742,563451,2016-08-15,P,E1,N4,U4,PR1,2017-05-29,X1,CUSTOD,J1 2EI,S16 9UR,3267771
743,563451,2017-05-29,P,E1,N4,U3,PR1,2017-08-25,E4A,,N4 9KG,M25 6GV,9422672
744,311255,2017-04-30,S,V3,N5,U4,PR4,,E6,,H16 5DW,N8 4KR,1508794
745,601190,2016-08-03,L,L2,N7,K2,PR4,2017-09-28,X1,CREQB,R30 1GY,H18 4HO,5028055
746,601190,2017-09-28,P,L2,N7,U4,PR1,2018-03-30,X1,CREQO,H1 4XF,T20 6XU,3442126
747,601190,2018-03-30,P,L2,N7,P1,PR0,,E8,,R15 9PN,K29 2LX,9790218
748,312018,2017-01-06,P,C2,N3,A5,PR4,2017-08-19,E2,,J2 7GD,H10 2ZB,1515855
749,380785,2017-01-03,L,L3,N6,K2,PR4,2017-09-26,X1,OTHER,Y23 5PM,Y1 9BQ,3901674
750,380785,2017-09-26,B,J2,N6,U5,PR4,2017-11-07,X1,CHILD,N3 5EO,X23 2NM,9181461
751,380785,2017-11-07,P,J2,N6,U5,PR1,2017-12-09,E5,,S28 8WG,S13 5YZ,1513685
752,871541,2015-12-20,P,V3,N1,U4,PR4,2017-09-08,X1,CLOSE,V21 8VW,S27 7JT,1502203
753,871541,2017-09-08,P,V3,N1,U5,PR1,2017-11-07,X1,OTHER,G5 7CB,J23 3XC,4653049
754,871541,2017-11-07,P,V3,N1,U3,PR1,2018-01-30,X1,,P27 9KO,Z13 3GU,8457319
755,871541,2018-01-30,L,V2,N1,U3,PR1,2018-02-28,X1,CREQO,P27 9KO,Z13 3GU,8457319
756,871541,2018-02-28,P,V2,N1,U5,PR1,,X1,OTHER,W23 1GC,M16 4ZZ,2003020
757,261119,2017-03-13,L,J2,N1,U4,PR4,2017-12-01,X1,CREQO,P3 7KY,Y18 1HQ,7893256
758,261119,2017-12-01,P,J2,N1,K2,PR1,2018-02-03,X1,,V15 9MT,P22 4XY,7716736
759,261119,2018-02-03,L,V3,N1,K2,PR1,,X1,CREQB,V15 9MT,P22 4XY,7716736
760,152946,2017-03-14,S,L2,N8,U5,PR4,2017-05-12,E12,,P2 6BH,D26 6RY,2748243
761,778189,2017-02-04,P,J1,N6,U4,PR1,2018-02-24,X1,STAND,W5 4BS,Q9 1NX,4062214
762,778189,2018-02-24,P,J1,N6,U5,PR1,2018-03-20,X1,APPRR,R16 4ZG,I8 7XK,1945502
763,778189,2018-03-20,P,J1,N6,P1,PR0,,X1,,V7 7SB,P22 5CH,9641300
768,53639,2016-04-29,T,C2,N5,K2,PR4,2017-11-17,X1,PLACE,P22 4GX,W29 4PT,3937435
769,53639,2017-11-17,P,C2,N5,P2,PR4,2017-12-01,X1,,Q9 2OG,E10 6OI,1930765
770,53639,2017-12-01,L,E1,N5,P2,PR4,,E6,,Q9 2OG,E10 6OI,1930765
771,282921,2017-05-17,S,D1,N8,U3,PR1,2017-08-02,X1,,C13 2EO,R12 7DD,6924132
772,282921,2017-08-02,T,D1,N8,U3,PR1,2017-12-08,E16,,C13 2EO,R12 7DD,6924132
773,244657,2016-08-28,L,L2,N8,K2,PR4,2018-01-30,X1,,T22 9RJ,P4 1WL,7075651
774,244657,2018-01-30,T,L2,N8,K2,PR4,,E3,,T22 9RJ,P4 1WL,7075651
775,288912,2017-11-16,S,J2,N1,K2,PR1,2017-11-26,X1,LAREQ,V16 8YQ,D1 9PB,3420658
776,288912,2017-11-26,P,J2,N1,U4,PR4,2018-02-10,E4B,,E21 1GR,T1 6LW,7047730
777,647811,2017-01-20,P,V4,N1,U5,PR4,2017-07-05,X1,,X16 8ER,U22 1QC,5421478
778,647811,2017-07-05,L,V4,N1,U5,PR4,,X1,CUSTOD,X16 8ER,U22 1QC,5421478
779,822010,2017-03-24,P,C2,N2,U5,PR1,2017-04-30,X1,PLACE,N29 2FK,P30 2UB,1823659
780,822010,2017-04-30,P,C2,N2,U5,PR4,2017-12-07,X1,,L18 1WC,C4 6FK,2791390
781,822010,2017-12-07,L,C2,N2,U5,PR4,,X1,STAND,L18 1WC,C4 6FK,2791390
782,401650,2016-11-23,P,C1,N6,U1,PR1,2017-05-13,X1,,O25 7CI,L10 3TO,6976225
783,401650,2017-05-13,L,C2,N6,U1,PR1,2017-08-05,X1,PLACE,O25 7CI,L10 3TO,6976225
784,401650,2017-08-05,B,J3,N6,U4,PR1,,E6,,N15 7LM,U10 4TZ,6883763
785,982048,2017-07-29,S,V3,N4,P1,PR0,2018-02-19,E9,,B3 6WO,T5 4EH,6571346
789,939948,2016-06-25,P,E1,N1,U3,PR1,2017-08-06,X1,,F25 9UA,Q22 9TE,5445937
790,939948,2017-08-06,L,V2,N1,U3,PR1,2017-11-09,E14,,F25 9UA,Q22 9TE,5445937
797,193201,2014-03-04,P,J3,N5,R2,PR3,2017-05-06,X1,,U21 5IJ,D24 4EV,7784467
798,193201,2017-05-06,L,C2,N5,R2,PR3,2017-06-09,E45,,U21 5IJ,D24 4EV,7784467
802,942509,2016-02-20,S,V4,N5,A6,PR4,2017-06-25,X1,CREQB,W12 1OC,C28 9HK,1401969
803,942509,2017-06-25,P,V4,N5,U5,PR4,2017-10-22,X1,CLOSE,I7 6LM,O27 2WV,3585912
804,942509,2017-10-22,P,V4,N5,K2,PR4,,X1,,G6 9WQ,W11 3QF,4876094
805,73142,2017-03-28,P,D1,N2,U4,PR4,2017-11-29,X1,CUSTOD,F20 1GQ,M16 2KC,4972259
806,73142,2017-11-29,P,D1,N2,U5,PR1,,X1,PLACE,H13 5ZU,R22 3VN,5476773
807,817309,2016-04-30,P,J2,N8,U5,PR1,2017-06-07,X1,,Y19 6IB,L1 1NE,2271404
808,817309,2017-06-07,L,D1,N8,U5,PR1,2017-06-28,X1,CREQO,Y19 6IB,L1 1NE,2271404
809,817309,2017-06-28,P,D1,N8,U5,PR1,,X1,CARPL,P10 5WP,B15 3XT,7156189
810,269791,2016-10-02,S,V2,N4,U1,PR1,2017-08-08,X1,CREQO,X13 7LI,L5 6HH,2459179
811,269791,2017-08-08,P,V2,N4,U4,PR1,2017-09-20,X1,ALLEG,J1 2MM,R15 3AY,9651465
812,269791,2017-09-20,P,V2,N4,R5,PR3,2017-09-23,E17,,V30 9HC,G30 8QQ,1480691
813,472494,2018-03-05,S,E1,N6,K2,PR4,2018-03-12,E5,,W2 3LB,F14 8QU,2438782
817,871218,2017-02-16,S,V4,N1,U2,PR1,2017-05-05,E16,,R13 7ER,Y23 6PI,7300919
818,978638,2016-10-30,P,D1,N1,U4,PR4,2018-03-04,X1,,D17 5UZ,K9 7MW,2714959
819,978638,2018-03-04,L,D1,N1,U4,PR4,,X1,,D17 5UZ,K9 7MW,2714959
820,994520,2015-10-24,P,L1,N2,U2,PR1,2017-12-12,E45,,N29 9SI,D17 9QL,3412090
821,19259,2018-03-02,S,J2,N7,U5,PR4,,X1,CREQO,X21 6SV,P27 4PC,8106751
822,110350,2015-05-19,P,L1,N4,A3,PR4,2017-10-20,X1,APPRR,E23 1ZK,O10 4UK,1333038
823,110350,2017-10-20,P,L1,N4,U5,PR4,2018-03-18,X1,ALLEG,U29 6PG,W23 3QS,6031506
824,110350,2018-03-18,P,L1,N4,K1,PR4,,X1,LAREQ,I7 5ZQ,M8 3RS,9173357
825,676893,2017-01-04,P,L1,N8,K2,PR1,2017-11-26,X1,CUSTOD,X12 9BA,G21 9LX,6695616
826,676893,2017-11-26,B,L3,N8,K2,PR1,,E12,,G15 4YG,Y6 7EC,5985243
827,326293,2015-06-07,P,C1,N8,U4,PR1,2017-09-23,X1,CARPL,G19 8TZ,W1 8RD,1581998
828,326293,2017-09-23,P,C1,N8,U4,PR1,2017-10-18,X1,CARPL,Z17 2LJ,T6 3BE,9992391
829,326293,2017-10-18,P,C1,N8,U4,PR1,2018-02-24,X1,CUSTOD,T28 5JS,M28 3YF,6375725
830,326293,2018-02-24,P,C1,N8,U2,PR1,,X1,PLACE,G18 3CB,A5 8LG,6727487
831,903879,2016-10-05,P,J2,N2,P2,PR4,2017-04-19,E16,,I30 7RH,A10 5HL,8396165
832,549023,2017-10-06,S,J1,N2,U5,PR1,,X1,OTHER,W1 7ND,D26 4EQ,6582370
833,60122,2016-09-26,P,J3,N1,U4,PR1,2017-08-15,X1,CARPL,D18 3JP,F26 5LD,6613233
834,60122,2017-08-15,P,J3,N1,U5,PR4,2017-10-22,X1,,H11 3CC,P20 8DJ,6518817
835,60122,2017-10-22,T,J3,N1,U5,PR4,2017-12-25,E16,,H11 3CC,P20 8DJ,6518817
836,213881,2016-02-08,P,V2,N3,U5,PR4,2017-06-24,X1,APPRR,F15 1TG,T10 2DJ,7390281
837,213881,2017-06-24,P,V2,N3,K2,PR4,2017-07-06,E14,,R21 9AN,L6 3TF,1583450
838,288064,2016-09-14,P,V2,N6,U5,PR1,2017-11-28,X1,ALLEG,S16 3XV,T10 7JA,8839830
839,288064,2017-11-28,P,V2,N6,P2,PR1,2017-12-05,X1,PLACE,Z22 9AV,G23 1BF,3915299
840,288064,2017-12-05,P,V2,N6,P2,PR4,,E46,,C6 3ET,S14 7EW,1783567
841,984305,2016-02-09,U,L3,N3,K2,PR4,2017-08-08,X1,PLACE,K21 5XP,Y21 4ZY,7511327
842,984305,2017-08-08,P,L3,N3,A3,PR4,2018-01-15,X1,ALLEG,Q9 5EM,S3 1JZ,5919838
843,984305,2018-01-15,P,L3,N3,K2,PR4,2018-01-18,X1,CREQB,T27 8ZB,D7 4VF,4508458
844,984305,2018-01-18,P,L3,N3,U5,PR1,2018-02-15,X1,,A15 9WQ,U16 8EO,8619705
845,984305,2018-02-15,L,L1,N3,U5,PR1,,E48,,A15 9WQ,U16 8EO,8619705
848,740754,2016-04-05,T,J1,N7,U5,PR4,2017-07-12,E8,,M30 2CN,W7 7YT,5612074
849,306870,2017-04-01,P,J2,N1,K2,PR4,2018-03-30,X1,,X30 5FW,W21 7QJ,1337108
850,306870,2018-03-30,L,L2,N1,K2,PR4,,X1,ALLEG,X30 5FW,W21 7QJ,1337108
851,729233,2016-08-30,S,J1,N2,U5,PR1,2018-01-29,X1,CLOSE,Z8 1PP,T6 7RA,5280029
852,729233,2018-01-29,P,J1,N2,U4,PR1,,X1,,R8 6YN,P23 7LV,9847103
853,804955,2016-09-06,S,L2,N5,U5,PR1,2017-05-01,X1,,U12 1EQ,F16 5QR,5471569
854,804955,2017-05-01,L,E1,N5,U5,PR1,,X1,PLACE,U12 1EQ,F16 5QR,5471569
855,334368,2017-04-28,S,L1,N8,U5,PR4,2017-08-17,X1,,X5 4FP,G24 9JZ,2426731
856,334368,2017-08-17,T,L1,N8,U5,PR4,2017-09-08,X1,,X5 4FP,G24 9JZ,2426731
857,334368,2017-09-08,L,C1,N8,U5,PR4,,E17,,X5 4FP,G24 9JZ,2426731
858,558590,2016-12-20,P,C1,N4,U6,PR4,2017-07-09,X1,STAND,T25 7HN,X7 1MR,9174944
859,558590,2017-07-09,P,C1,N4,U5,PR4,,E3,,G4 2MG,A20 2SQ,5473561
862,156679,2017-03-23,T,D1,N1,A4,PR1,2017-04-12,X1,CARPL,B11 7HZ,A29 2HX,3120530
863,156679,2017-04-12,P,D1,N1,U4,PR4,,X1,APPRR,I13 8FP,Y16 2ZS,2711232
864,156679,2015-08-15,T,V4,N5,U4,PR1,2017-05-19,X1,CREQB,J3 5AL,D21 8BS,2985620
865,156679,2017-05-19,P,V4,N5,U2,PR1,2018-02-03,E7,,F19 8RF,S11 2DX,9519014
866,840802,2016-02-23,L,L1,N5,U1,PR1,2017-10-18,X1,PLACE,A1 4PT,S2 7CB,8089201
867,840802,2017-10-18,P,L1,N5,R2,PR3,,X1,,X15 6QQ,E10 7QS,9352513
868,427763,2017-02-09,S,L3,N4,U4,PR1,2017-04-03,E17,,Z17 7FQ,S21 3XQ,8791660
869,232564,2017-02-13,P,V3,N8,U5,PR4,2017-05-08,E12,,P23 6WH,D26 6XY,2354502
870,956636,2017-02-07,P,C2,N8,U5,PR1,2017-05-08,X1,CREQO,G2 3PF,P27 7RJ,2786994
871,956636,2017-05-08,P,C2,N8,U4,PR1,2018-01-14,E14,,E14 2XA,H17 1OJ,3611971
876,50020,2016-04-22,L,C1,N7,U5,PR4,2017-08-25,E16,,F11 7KC,S14 4RZ,3205366
877,773003,2015-03-09,S,E1,N7,A4,PR4,2017-09-20,X1,CARPL,T13 1NI,E25 4TL,4027074
878,773003,2017-09-20,P,E1,N7,P1,PR0,2017-10-27,E11,,A29 5MI,X9 5WS,5448390
879,959235,2015-08-25,L,E1,N4,U5,PR1,2018-03-05,X1,CARPL,C5 2WU,J3 3MV,3059605
880,959235,2018-03-05,P,E1,N4,U2,PR1,,X1,,O21 6RI,Q27 4GF,6173931
881,530282,2017-07-25,S,V3,N8,U4,PR1,,X1,CLOSE,R4 8LL,H16 2KO,4958751
882,395766,2017-12-08,S,D1,N7,U4,PR1,2018-01-12,X1,OTHER,P30 3DJ,Z29 2XR,3263255
883,395766,2018-01-12,B,L3,N7,U3,PR1,2018-03-14,X1,PLACE,U26 9EJ,K23 6OW,1012507
884,395766,2018-03-14,P,L3,N7,U5,PR4,,X1,OTHER,G25 6DC,Q1 3ZN,3948699
885,561041,2015-10-20,P,V2,N8,U5,PR4,2017-05-27,E2,,I11 2TP,J27 9GD,7623543
886,261040,2016-07-12,P,L3,N5,U5,PR4,2017-04-05,E3,,W10 1CL,I7 5JG,8857995
887,688510,2015-10-04,L,V4,N4,K2,PR4,2017-08-30,X1,,B7 7KM,P14 9DJ,4024480
888,688510,2017-08-30,L,L2,N4,K2,PR4,2017-12-11,E15,,B7 7KM,P14 9DJ,4024480
889,684861,2016-11-24,T,J3,N2,U4,PR4,2017-11-26,X1,LAREQ,W19 5BB,U5 7UI,5556849
890,684861,2017-11-26,P,J3,N2,U4,PR4,2018-02-11,X1,OTHER,W28 3RK,V10 7QV,6703486
891,684861,2018-02-11,P,J3,N2,U5,PR4,,E16,,U20 5PO,P21 6QM,6055244
892,198564,2017-03-13,P,C2,N5,U4,PR4,2017-05-15,X1,CLOSE,J16 2JF,N2 7MU,3351166
893,198564,2017-05-15,P,C2,N5,U5,PR4,,X1,CUSTOD,X14 8JS,I23 5HG,8855096
894,69504,2017-03-16,L,L3,N8,P1,PR0,2017-04-07,X1,,O1 5BQ,P20 4YZ,4542485
895,69504,2017-04-07,U,V2,N8,P1,PR0,,X1,CUSTOD,O1 5BQ,P20 4YZ,4542485
896,773456,2016-01-27,S,L3,N6,U1,PR1,2017-12-03,X1,,F18 7EG,U22 8AI,8593217
897,773456,2017-12-03,L,V4,N6,U1,PR1,,X1,CLOSE,F18 7EG,U22 8AI,8593217
898,448742,2015-12-09,P,D1,N8,U5,PR1,2017-06-02,X1,STAND,V22 2TA,Z27 4MB,7083757
899,448742,2017-06-02,P,D1,N8,K2,PR4,2017-08-14,X1,,G1 1EW,Y11 2VC,5510475
900,448742,2017-08-14,T,D1,N8,K2,PR4,,X1,PLACE,G1 1EW,Y11 2VC,5510475
901,965457,2016-12-12,L,L3,N8,K2,PR1,2017-08-05,X1,APPRR,V8 6QX,T19 9AP,7875838
902,965457,2017-08-05,P,L3,N8,U5,PR1,,E6,,C25 5GI,R27 3GS,1904913
903,59856,2015-10-16,P,J2,N1,U4,PR1,2017-06-09,X1,CREQO,W24 7GE,Y30 8MG,7207723
904,59856,2017-06-09,P,J2,N1,U6,PR4,,E13,,A13 6PI,K4 3FA,8906891
905,802322,2017-01-31,P,L1,N8,P2,PR1,2017-11-15,E11,,D23 7LX,Y14 3MP,2278461
906,552541,2017-01-02,P,J2,N8,U1,PR1,2017-05-22,E46,,U30 7DD,B11 7BQ,1362028
907,298190,2017-08-30,S,L2,N5,U4,PR4,2017-10-26,X1,,S23 4NI,Q11 4PM,9492712
908,298190,2017-10-26,L,J1,N5,U4,PR4,2017-11-21,X1,CUSTOD,S23 4NI,Q11 4PM,9492712
909,298190,2017-11-21,P,J1,N5,U5,PR4,,X1,,R9 8DE,L8 9ZW,9983391
910,180759,2016-12-21,L,D1,N8,U5,PR1,2017-06-11,X1,,K17 2LA,S29 5DL,9038312
911,180759,2017-06-11,L,J1,N8,U5,PR1,2017-07-31,X1,CUSTOD,K17 2LA,S29 5DL,9038312
912,180759,2017-07-31,P,J1,N8,U4,PR1,,X1,,K26 7CA,E16 8VF,5744178
913,373218,2016-10-25,S,C1,N2,U5,PR1,2017-11-23,X1,OTHER,M1 3BM,V29 7OY,3944989
914,373218,2017-11-23,P,C1,N2,U4,PR1,,X1,,K1 1XA,V8 8DT,2865143
915,289121,2017-04-25,S,D1,N1,U5,PR4,,X1,,I24 4FY,C16 7QT,8993974
916,116646,2018-02-07,S,J1,N7,U1,PR1,,E11,,G1 9RU,C7 3VY,5542898
917,333439,2017-03-11,S,C1,N4,U5,PR1,2017-10-03,X1,CLOSE,Y23 3XB,X1 7UZ,7358939
918,333439,2017-10-03,P,C1,N4,U5,PR4,2017-10-29,X1,STAND,N17 4ND,G26 4EV,6980948
919,333439,2017-10-29,P,C1,N4,U2,PR1,,E9,,X23 6QX,I8 7HH,6086773
920,534419,2016-10-30,P,E1,N4,P2,PR4,2017-04-07,X1,OTHER,D23 6BT,L21 4FY,6891720
921,534419,2017-04-07,P,E1,N4,P2,PR1,2017-11-01,E5,,L22 6JA,Y29 4TL,9134412
925,507322,2018-03-21,S,J2,N4,P1,PR0,,E15,,J30 7FE,I13 2TW,2502031
926,493904,2017-07-06,S,L3,N7,U4,PR4,2018-03-09,E15,,V14 9WD,X30 3UV,6318619
927,499567,2017-02-13,S,E1,N8,U4,PR1,2017-08-09,X1,,M5 1RV,A25 8OA,6423895
928,499567,2017-08-09,T,E1,N8,U4,PR1,2017-10-22,X1,STAND,M5 1RV,A25 8OA,6423895
929,499567,2017-10-22,B,D1,N8,U5,PR4,2017-11-08,X1,CARPL,C6 7RZ,O22 8KD,2299250
930,499567,2017-11-08,P,D1,N8,P2,PR1,2017-11-28,X1,STAND,F25 8GY,X23 4LR,4297719
931,499567,2017-11-28,P,D1,N8,P2,PR4,,X1,,X23 7BQ,O15 6MH,3351087
932,724607,2017-03-18,P,E1,N6,A6,PR1,2017-08-27,X1,,U24 1WE,G10 8NQ,7403855
933,724607,2017-08-27,L,V2,N6,A6,PR1,2017-10-07,E6,,U24 1WE,G10 8NQ,7403855
934,850847,2016-07-04,L,E1,N8,S1,PR4,2017-06-11,X1,STAND,D16 6AJ,X24 8PB,8196755
935,850847,2017-06-11,P,E1,N8,U5,PR1,2018-03-06,X1,ALLEG,V22 6IH,D7 3YH,9919956
936,850847,2018-03-06,P,E1,N8,U4,PR1,,X1,CHILD,T10 5KL,R20 3LG,2451950
937,787064,2017-05-24,S,V2,N3,U5,PR1,,X1,CLOSE,L19 1PC,Z15 8YE,6313865
938,973661,2016-03-01,P,L3,N3,U5,PR4,2017-11-15,E45,,P17 8YA,O3 5VA,3240111
939,550204,2016-05-04,L,V3,N8,U4,PR1,2017-05-17,E4B,,Z4 2GM,G1 9AW,5537230
940,218168,2017-05-06,S,J3,N7,U5,PR4,2017-07-15,X1,ALLEG,X7 8DF,X29 5KF,1694362
941,218168,2017-07-15,P,J3,N7,A3,PR1,,X1,,R3 6AU,Z3 4YQ,1764145
942,877613,2016-05-10,S,J1,N7,H5,PR4,2017-06-29,E3,,R19 3GH,Q17 9OX,5192802
943,515794,2016-04-03,P,J1,N5,U2,PR1,2017-05-14,X1,,P8 6TQ,M4 2GJ,4230942
944,515794,2017-05-14,L,D1,N5,U2,PR1,2018-01-16,E8,,P8 6TQ,M4 2GJ,4230942
945,474201,2016-10-18,S,J2,N1,U5,PR1,2017-09-27,E14,,Z23 5GR,Q15 7CF,7258496
946,711540,2017-04-01,S,L3,N1,U3,PR1,2018-03-09,X1,PLACE,Y11 8IW,T13 4YX,6577279
947,711540,2018-03-09,P,L3,N1,K2,PR4,,X1,CLOSE,G17 4LB,T20 3PA,5815373
948,98444,2017-02-19,L,V4,N6,U4,PR4,2017-12-26,E4A,,C11 2FB,R1 2IC,7579720
951,670407,2017-03-17,S,V3,N3,K2,PR4,2017-07-27,E17,,U12 5OX,T4 3UB,7539971
952,327334,2017-08-27,S,L2,N6,U5,PR1,2017-09-03,X1,CREQO,V11 5SZ,Q16 5KE,9324664
953,327334,2017-09-03,P,L2,N6,K2,PR4,2017-11-19,E47,,G20 6US,V29 7HU,2467201
954,588661,2017-02-21,P,L3,N5,H5,PR4,2017-10-18,E9,,J17 1RW,C19 2IM,8760723
955,737726,2016-07-21,S,C1,N2,U5,PR4,2018-03-03,X1,,B14 9AA,J2 2CU,8670563
956,737726,2018-03-03,L,L1,N2,U5,PR4,,X1,,B14 9AA,J2 2CU,8670563
957,58309,2016-09-07,L,V2,N2,U4,PR4,2017-06-04,X1,,J16 8OE,T26 9BJ,5231698
958,58309,2017-06-04,T,V2,N2,U4,PR4,2017-12-05,X1,PLACE,J16 8OE,T26 9BJ,5231698
959,58309,2017-12-05,P,V2,N2,P2,PR1,,X1,CLOSE,Q3 9CO,A11 5TO,2775824
962,866837,2016-10-29,S,V3,N5,U4,PR4,2017-10-13,X1,LAREQ,V2 8ZW,C29 3IH,5054330
963,866837,2017-10-13,P,V3,N5,U5,PR1,,X1,,G16 4GN,S24 3OE,8741241
964,905851,2017-01-19,P,E1,N1,U4,PR1,2017-05-12,X1,,M6 9RI,V2 4KL,1617740
965,905851,2017-05-12,L,V4,N1,U4,PR1,2017-05-15,E6,,M6 9RI,V2 4KL,1617740
966,854826,2017-01-10,L,C1,N3,U3,PR1,2017-08-27,X1,ALLEG,J8 5QN,J17 5XX,2573240
967,854826,2017-08-27,P,C1,N3,U4,PR1,2017-11-15,X1,,Q29 3LL,E12 6ZK,4979787
968,854826,2017-11-15,L,L1,N3,U4,PR1,2018-02-22,X1,CREQB,Q29 3LL,E12 6ZK,4979787
969,854826,2018-02-22,P,L1,N3,H5,PR4,2018-03-24,X1,LAREQ,O28 5FU,D22 5EH,9615324
970,854826,2018-03-24,P,L1,N3,A5,PR1,,X1,LAREQ,W3 9CN,Q16 8XN,9811348
971,264289,2017-03-19,S,C2,N5,K2,PR4,2017-08-04,X1,STAND,O13 5DJ,R19 5FP,6751045
972,264289,2017-08-04,P,C2,N5,U4,PR1,2017-10-10,X1,CUSTOD,U28 6FW,M16 7JT,4242256
973,264289,2017-10-10,P,C2,N5,U3,PR1,2018-03-31,X1,STAND,I13 9ZP,Y12 2RA,1239464
974,264289,2018-03-31,P,C2,N5,U5,PR4,,X1,CLOSE,L26 6CA,J1 7JS,6785562
975,137917,2017-04-01,P,J3,N4,A3,PR4,2017-04-20,E9,,K20 1NW,Q20 2KL,9118239
976,694922,2016-09-26,P,E1,N8,U4,PR1,2017-09-13,X1,,Q29 9YM,Z23 9XJ,5533963
977,694922,2017-09-13,T,E1,N8,U4,PR1,,X1,,Q29 9YM,Z23 9XJ,5533963
978,573864,2016-09-13,P,E1,N5,U2,PR1,2018-01-22,X1,CREQB,P20 2QR,L20 9VE,1560827
979,573864,2018-01-22,P,E1,N5,K2,PR4,2018-02-13,X1,APPRR,C3 1CI,P14 1UC,3859386
980,573864,2018-02-13,B,L2,N5,U4,PR1,,E12,,C24 4TR,J3 2HB,1080739
981,92821,2016-10-29,T,E1,N8,U5,PR4,2017-09-10,E4B,,J2 8ZV,H3 1LK,9233260
982,793347,2018-03-11,S,J2,N3,P1,PR0,2018-03-20,X1,CARPL,R29 8BZ,L19 2ON,4019193
983,793347,2018-03-20,P,J2,N3,U4,PR1,2018-03-22,X1,,K8 5OH,Y27 8VK,3090584
984,793347,2018-03-22,T,J2,N3,U4,PR1,,X1,PLACE,K8 5OH,Y27 8VK,3090584
985,255201,2018-01-10,S,D1,N4,U3,PR1,,X1,,Y22 6QG,W16 6MX,9148736
987,998328,2016-06-05,T,L1,N8,A6,PR4,2017-09-21,E13,,I3 2PP,U30 7FF,7542189
990,335413,2015-05-16,P,V4,N2,H5,PR4,2017-05-03,E8,,W10 4OY,C23 2OD,8986641
991,606708,2017-04-01,P,C1,N5,P1,PR0,2017-05-13,X1,CARPL,K23 8KV,L3 8TN,1141235
992,606708,2017-05-13,P,C1,N5,K2,PR4,2017-08-12,X1,CUSTOD,M3 7FI,N24 4PW,4203944
993,606708,2017-08-12,P,C1,N5,U5,PR1,,X1,,X13 6FC,P4 3FX,2533479
995,262711,2016-04-24,L,E1,N1,K2,PR1,2017-08-16,X1,PLACE,W6 7CM,B26 8GP,2730550
996,262711,2017-08-16,P,E1,N1,U5,PR4,2018-02-24,X1,,Y23 6GC,S15 6ZF,1004650
997,262711,2018-02-24,L,J3,N1,U5,PR4,,E17,,Y23 6GC,S15 6ZF,1004650
998,46916,2014-08-03,S,E1,N2,U4,PR1,2018-01-14,E12,,X20 1YS,L2 6TV,1520055
999,441738,2018-02-19,S,J3,N4,K2,PR4,,E6,,S11 8VU,B3 4TO,7950269
1000,365147,2017-02-10,P,E1,N7,U4,PR1,2017-08-23,X1,,L27 8GY,F16 9ZN,9098384
1001,365147,2017-08-23,L,L2,N7,U4,PR1,2017-09-03,X1,ALLEG,L27 8GY,F16 9ZN,9098384
1002,365147,2017-09-03,P,L2,N7,U5,PR1,2017-10-24,E2,,H11 8IE,U17 9XL,9425699
1003,850642,2017-11-26,S,E1,N4,U4,PR4,,X1,CREQO,E26 8NN,I18 2NO,3609287
1004,336381,2017-02-17,P,C2,N6,U5,PR1,2017-04-21,X1,,N1 1JY,M25 7AM,4638817
1005,336381,2017-04-21,L,V4,N6,U5,PR1,2017-06-04,E48,,N1 1JY,M25 7AM,4638817
1011,429851,2016-08-19,P,J3,N2,U5,PR4,2017-07-21,X1,APPRR,P25 5SZ,Z11 4XK,4120400
1012,429851,2017-07-21,P,J3,N2,K2,PR1,,X1,,B29 4JJ,E21 7HB,5071841
1013,143713,2017-03-30,P,D1,N1,H5,PR4,2017-08-08,X1,,C25 3AC,F1 6RM,3961631
1014,143713,2017-08-08,T,D1,N1,H5,PR4,2017-09-17,E46,,C25 3AC,F1 6RM,3961631
1015,569034,2017-01-09,P,L3,N2,P2,PR4,2017-07-18,E45,,H22 2HW,S6 1IN,9593565
1016,844461,2017-01-17,P,V2,N7,P2,PR4,2018-03-04,E41,,C5 4AC,T5 4BI,5282762
1017,261594,2016-05-02,T,C1,N8,U4,PR4,2017-05-02,X1,,N29 1ZP,U16 9HY,6941939
1018,261594,2017-05-02,L,E1,N8,U4,PR4,2017-12-18,X1,PLACE,N29 1ZP,U16 9HY,6941939
1019,261594,2017-12-18,P,E1,N8,P2,PR4,,X1,CREQB,Q1 2CA,Z1 8LI,5345993
1020,769339,2017-12-16,S,V2,N3,U4,PR1,2018-03-14,E13,,F9 3MY,E14 2PQ,6287625
1021,219694,2016-02-22,P,L3,N1,S1,PR4,2017-04-06,X1,,X13 6PX,F28 1WG,5597790
1022,219694,2017-04-06,T,L3,N1,S1,PR4,2018-01-17,E48,,X13 6PX,F28 1WG,5597790
1023,337901,2017-12-05,S,V4,N4,P1,PR0,2018-01-09,E16,,L25 1IY,L10 5ID,1453310
1024,505723,2017-01-30,P,J2,N3,U5,PR4,2017-10-11,X1,,T30 6KY,Y28 5QO,8724354
1025,505723,2017-10-11,L,C2,N3,U5,PR4,2018-03-11,X1,,T30 6KY,Y28 5QO,8724354
1026,505723,2018-03-11,L,V3,N3,U5,PR4,2018-03-15,E14,,T30 6KY,Y28 5QO,8724354
1027,302681,2016-07-04,P,C1,N8,U5,PR4,2017-07-20,X1,CARPL,G28 4LB,E24 1UF,8713597
1028,302681,2017-07-20,P,C1,N8,K2,PR4,2017-08-15,E9,,Z4 8SY,A29 8WN,2002107
1029,119095,2017-02-19,T,L1,N2,U4,PR1,2017-06-25,X1,CREQO,J17 3GR,R7 5QV,7894192
1030,119095,2017-06-25,P,L1,N2,R2,PR3,2018-01-23,X1,,U20 6YQ,X25 9RM,8381624
1031,119095,2018-01-23,T,L1,N2,R2,PR3,2018-03-17,X1,CUSTOD,U20 6YQ,X25 9RM,8381624
1032,119095,2018-03-17,P,L1,N2,U4,PR1,,E13,,R30 6PG,L8 6NU,8585031
1041,828277,2016-08-29,P,C2,N2,U4,PR1,2017-07-27,E9,,C29 6KH,I23 5ZR,3115015
1042,830338,2016-11-10,L,L1,N1,U4,PR1,2018-03-27,X1,LAREQ,X23 6WK,V15 7SR,8511867
1043,830338,2018-03-27,P,L1,N1,U2,PR1,,X1,,M19 1YK,H30 5VA,9259657
1046,91711,2016-04-18,P,L1,N2,U4,PR1,2017-04-19,X1,CARPL,Y11 1DI,K2 4QJ,3307915
1047,91711,2017-04-19,P,L1,N2,U5,PR4,2017-08-10,X1,CHILD,F6 5HN,S4 3UX,9621535
1048,91711,2017-08-10,P,L1,N2,P2,PR4,2017-11-23,X1,,G18 8WW,I24 7EM,1938153
1049,91711,2017-11-23,L,L3,N2,P2,PR4,2018-02-05,X1,CLOSE,G18 8WW,I24 7EM,1938153
1050,91711,2018-02-05,P,L3,N2,P1,PR0,,X1,OTHER,S4 8LC,J11 2LV,3426584
1051,632442,2017-01-25,P,V2,N3,U5,PR1,2017-07-21,X1,,W1 6GR,F1 8VJ,1245124
1052,632442,2017-07-21,T,V2,N3,U5,PR1,,X1,,W1 6GR,F1 8VJ,1245124
1053,373260,2017-12-02,S,C1,N3,U1,PR1,2018-02-24,X1,,R10 3YF,V4 3RC,9324681
1054,373260,2018-02-24,T,C1,N3,U1,PR1,,X1,CLOSE,R10 3YF,V4 3RC,9324681
1055,331462,2017-07-23,S,V2,N7,U5,PR4,2017-08-25,X1,CREQB,Y9 4CD,V25 7YD,8306102
1056,331462,2017-08-25,P,V2,N7,K2,PR4,2017-12-10,E3,,L5 5PV,S20 4VE,6726324
1057,836643,2017-03-17,S,L3,N4,U4,PR1,2017-07-08,X1,,U19 4SE,S28 4DD,1571070
1058,836643,2017-07-08,L,V3,N4,U4,PR1,2017-07-17,X1,OTHER,U19 4SE,S28 4DD,1571070
1059,836643,2017-07-17,P,V3,N4,U5,PR1,,X1,,F27 7MD,J1 1YN,4458721
1060,317665,2017-08-07,S,L2,N5,U5,PR4,2017-09-11,E41,,R5 7EC,W6 2AR,4745773
1061,84737,2017-09-23,S,J2,N1,U4,PR1,2017-10-12,E16,,O24 4LH,R21 7RD,2343353
1062,84737,2017-03-03,S,C1,N3,K2,PR4,2017-04-29,X1,CARPL,G18 8EQ,L30 9LU,1054108
1063,84737,2017-04-29,P,C1,N3,U5,PR4,2017-09-08,X1,LAREQ,E17 7SA,W29 7BL,3807336
1064,84737,2017-09-08,P,C1,N3,U5,PR1,,E7,,D7 8KU,A25 2HE,1245053
1065,72501,2017-07-20,S,D1,N2,U4,PR4,2017-11-07,E2,,M29 6NL,Z30 6DB,1439420
1066,603626,2017-04-28,S,C2,N2,U4,PR4,2017-09-13,X1,CREQO,J2 1OV,X16 1YU,1910290
1067,603626,2017-09-13,P,C2,N2,U4,PR1,,E14,,Z7 4SF,X14 8YC,5064919
1068,195764,2016-04-12,P,V2,N2,U3,PR1,2017-11-24,X1,CHILD,T10 1IR,X11 1LY,9394433
1069,195764,2017-11-24,P,V2,N2,S1,PR1,,X1,CUSTOD,Z26 2XC,P15 7RM,1906413
1070,118049,2017-08-29,S,V4,N1,P1,PR0,2018-03-07,X1,,C20 4VA,Y10 8JF,1662230
1071,118049,2018-03-07,T,V4,N1,P1,PR0,2018-03-27,X1,,C20 4VA,Y10 8JF,1662230
1072,118049,2018-03-27,L,V4,N1,P1,PR0,,E7,,C20 4VA,Y10 8JF,1662230
1073,909944,2017-02-26,T,L2,N1,U2,PR1,2017-04-29,X1,LAREQ,F19 4XM,K27 4NR,1324581
1074,909944,2017-04-29,P,L2,N1,U4,PR1,,X1,OTHER,B28 7VV,Q5 7VE,7391863
1075,440549,2016-06-25,P,J3,N6,U3,PR1,2017-04-26,X1,CREQO,A19 5DJ,H28 9BY,7688280
1076,440549,2017-04-26,P,J3,N6,U3,PR1,,X1,LAREQ,F17 8AU,P19 7CC,9170793
1077,885607,2016-12-15,P,J3,N6,K2,PR1,2017-10-17,X1,PLACE,H5 1LG,A18 8VZ,2099329
1078,885607,2017-10-17,P,J3,N6,U4,PR1,2017-12-20,X1,CREQO,T2 5UL,O27 1BG,6885752
1079,885607,2017-12-20,P,J3,N6,U4,PR4,2018-01-12,E17,,H21 1CP,M8 1HC,9374214
1080,685625,2017-06-06,S,J3,N2,U5,PR1,2017-07-12,E6,,H23 5DW,S9 2DZ,7143419
1081,792567,2015-02-15,L,D1,N7,U5,PR4,2017-09-14,X1,APPRR,Z7 7HQ,Y23 1TQ,6131180
1082,792567,2017-09-14,P,D1,N7,P2,PR1,2017-12-10,X1,,W8 3CO,Z3 3AA,2070323
1083,792567,2017-12-10,L,C1,N7,P2,PR1,2018-01-26,X1,,W8 3CO,Z3 3AA,2070323
1084,792567,2018-01-26,L,C1,N7,P2,PR1,,X1,PLACE,W8 3CO,Z3 3AA,2070323
1085,910378,2016-12-21,P,J3,N1,U5,PR1,2018-01-29,X1,ALLEG,R22 9TY,P2 5CD,5467342
1086,910378,2018-01-29,P,J3,N1,U5,PR1,,X1,STAND,G7 7YN,I22 5DF,2575323
1087,21847,2017-06-18,S,L1,N7,U3,PR1,,X1,,K18 4MD,H2 6II,9961492
1088,330697,2017-02-06,P,J1,N8,K2,PR1,2017-04-25,X1,CREQB,I26 4ZT,T19 6SY,3550117
1089,330697,2017-04-25,P,J1,N8,U4,PR1,2017-05-30,X1,,O6 3EB,N21 5HA,9738712
1090,330697,2017-05-30,L,L1,N8,U4,PR1,2017-06-15,X1,,O6 3EB,N21 5HA,9738712
1091,330697,2017-06-15,L,C1,N8,U4,PR1,2017-08-17,X1,ALLEG,O6 3EB,N21 5HA,9738712
1092,330697,2017-08-17,B,J1,N8,U5,PR4,2017-12-27,X1,PLACE,Z19 6TS,S23 5JH,2527204
1093,330697,2017-12-27,P,J1,N8,K2,PR4,,X1,,V19 5YY,K4 7HO,2917948
1096,631575,2017-03-10,S,E1,N4,U6,PR4,2017-11-17,X1,,X2 8CF,G5 2GF,9098025
1097,631575,2017-11-17,L,L3,N4,U6,PR4,,X1,CLOSE,X2 8CF,G5 2GF,9098025
1102,958862,2016-08-12,P,L2,N6,U4,PR1,2017-04-16,X1,OTHER,V9 7YG,L6 4ZC,6666361
1103,958862,2017-04-16,P,L2,N6,K2,PR4,2017-07-26,X1,CARPL,Z16 7NT,M18 1EC,3741794
1104,958862,2017-07-26,P,L2,N6,K2,PR4,2017-11-08,E3,,J15 3TZ,S27 6KY,2470080
1105,982154,2016-06-30,S,C1,N8,U4,PR1,2017-04-08,X1,,T7 1LC,A3 6VN,3055910
1106,982154,2017-04-08,L,L3,N8,U4,PR1,2017-07-09,X1,STAND,T7 1LC,A3 6VN,3055910
1107,982154,2017-07-09,P,L3,N8,U3,PR1,2017-10-18,X1,ALLEG,T27 3CG,K21 9DY,3206820
1108,982154,2017-10-18,P,L3,N8,U5,PR1,,X1,OTHER,G15 5MO,Z4 6ZL,8807807
1109,409218,2016-10-19,P,C1,N4,K2,PR4,2017-05-27,X1,CARPL,G25 2RT,A17 9EE,4892467
1110,409218,2017-05-27,P,C1,N4,U5,PR1,2017-06-01,X1,,W5 2RX,P30 2FJ,4510789
1111,409218,2017-06-01,L,V2,N4,U5,PR1,,X1,,W5 2RX,P30 2FJ,4510789
1112,29815,2016-12-24,P,E1,N2,P1,PR0,2017-10-28,E16,,X1 4IZ,H2 3ZO,7761280
1113,393387,2016-11-26,P,V3,N6,A5,PR1,2017-06-04,X1,,S20 7XP,Z6 5HR,7888200
1114,393387,2017-06-04,U,L3,N6,A5,PR1,,X1,OTHER,S20 7XP,Z6 5HR,7888200
1115,841036,2017-02-20,P,L1,N5,U4,PR1,2017-08-10,X1,CREQO,J8 1AE,M6 8BA,3086187
1116,841036,2017-08-10,P,L1,N5,U5,PR1,2018-03-31,X1,CREQO,Q7 2XV,V4 6TL,4169716
1117,841036,2018-03-31,P,L1,N5,U5,PR4,,E4A,,S21 7BM,N15 7BJ,8130806
1121,738397,2016-07-15,L,L3,N5,U4,PR1,2017-05-16,E2,,I22 3NI,J22 3HD,6437807
1122,720055,2016-10-17,P,L3,N4,K2,PR4,2017-04-06,X1,,F19 3LR,M27 5RO,7955828
1123,720055,2017-04-06,T,L3,N4,K2,PR4,2017-05-27,E9,,F19 3LR,M27 5RO,7955828
1124,247180,2016-02-16,S,J1,N6,U4,PR1,2017-04-02,X1,CREQO,A22 2FU,U19 3EG,9567834
1125,247180,2017-04-02,P,J1,N6,U2,PR1,2018-01-30,X1,CREQO,W18 6ON,U21 3QY,6008019
1126,247180,2018-01-30,P,J1,N6,U5,PR4,,X1,,H14 1VL,Y20 4NQ,9159016
1127,738976,2016-03-28,P,V4,N4,P1,PR0,2017-06-22,E13,,Z8 2JK,N22 2EI,6396522
1128,767605,2017-04-08,S,V3,N7,U4,PR4,2017-07-15,X1,APPRR,Z7 1BR,O5 9AZ,9316074
1129,767605,2017-07-15,P,V3,N7,A3,PR4,2018-02-05,X1,LAREQ,J11 8EC,L5 8FQ,9610677
1130,767605,2018-02-05,P,V3,N7,U4,PR4,,E8,,L19 6NV,O23 8MU,5807007
1133,765303,2016-07-23,P,C2,N5,U4,PR1,2017-09-06,X1,ALLEG,U2 1RA,P12 4IN,4401091
1134,765303,2017-09-06,P,C2,N5,U4,PR1,,X1,,R13 2QF,G25 5VY,5536187
1135,459307,2016-12-08,P,V4,N7,U5,PR4,2017-09-05,E45,,O2 6VR,L2 9BY,3897200
1136,21593,2017-01-23,P,L1,N7,U5,PR4,2017-10-03,X1,LAREQ,P23 9PI,R6 9DY,9650932
1137,21593,2017-10-03,P,L1,N7,U5,PR1,,X1,CREQB,A19 1YO,L10 4WC,7400472
1144,679379,2015-05-19,P,L1,N1,U5,PR1,2017-05-02,X1,LAREQ,D21 6XP,F17 6HS,6393304
1145,679379,2017-05-02,P,L1,N1,U5,PR1,2017-05-08,E17,,E8 5PF,S7 4PF,2689488
1146,296330,2015-12-07,L,J1,N1,U5,PR4,2018-01-08,E9,,G1 6IG,H30 2BL,9029575
1147,817314,2017-05-19,S,J1,N7,U5,PR1,2017-06-26,E4A,,N11 8OQ,O23 8MY,1152913
1148,817314,2017-03-10,P,L3,N3,U5,PR1,2017-04-19,X1,,P17 1OS,C5 3FR,7217118
1149,817314,2017-04-19,L,V3,N3,U5,PR1,2017-12-23,X1,LAREQ,P17 1OS,C5 3FR,7217118
1150,817314,2017-12-23,P,V3,N3,U3,PR1,,E16,,A14 3PH,C16 1GY,5725860
1151,427390,2016-08-24,S,L2,N1,P1,PR0,2017-09-17,X1,CLOSE,Y6 5NK,Z27 3RP,2301329
1152,427390,2017-09-17,P,L2,N1,A4,PR1,,X1,OTHER,J13 6CN,Y24 1JJ,6860334
1153,211186,2017-03-03,L,J2,N1,H5,PR4,2017-09-05,X1,,X4 8KD,L26 8GP,3834471
1154,211186,2017-09-05,L,L2,N1,H5,PR4,2017-09-26,E2,,X4 8KD,L26 8GP,3834471
1155,843355,2016-08-04,S,L3,N1,U4,PR4,2017-09-06,E45,,N2 6LT,I1 3TO,3903037
1156,830831,2016-08-25,S,C1,N4,U4,PR1,2017-04-15,X1,PLACE,Q12 9WV,O5 9IZ,9134741
1157,830831,2017-04-15,P,C1,N4,U4,PR4,2017-05-16,E3,,E11 4DP,X4 3YF,5813684
1158,680465,2018-03-05,S,V3,N6,U4,PR1,,X1,,W11 1GJ,W16 5QY,1808692
1159,564323,2017-04-05,S,J1,N5,U5,PR4,,E3,,F2 3SE,O10 5XR,5359126
1163,834242,2016-11-03,S,J2,N3,U4,PR1,2017-06-08,X1,PLACE,D3 8UJ,U29 9EU,5764828
1164,834242,2017-06-08,P,J2,N3,A4,PR1,,E16,,S14 4YC,R6 8HK,7960675
1165,201733,2017-07-16,S,L1,N1,U5,PR1,2017-10-04,X1,ALLEG,B24 1AT,Z12 7FI,1847359
1166,201733,2017-10-04,P,L1,N1,U4,PR1,,X1,CREQB,W1 7RH,Q16 3YZ,4769995
1167,903664,2016-11-21,P,J2,N2,R2,PR3,2017-07-19,X1,,Q21 4WX,T9 2QC,5339855
1168,903664,2017-07-19,T,J2,N2,R2,PR3,,X1,CLOSE,Q21 4WX,T9 2QC,5339855
1169,246302,2017-01-06,P,J3,N2,U5,PR1,2017-10-18,E2,,I30 4IN,N2 2QN,2744913
1170,679728,2015-06-07,T,V3,N6,K2,PR4,2017-10-22,X1,,J22 7HI,U4 4ZY,6563718
1171,679728,2017-10-22,L,E1,N6,K2,PR4,2018-01-10,X1,,J22 7HI,U4 4ZY,6563718
1172,679728,2018-01-10,T,E1,N6,K2,PR4,,X1,CREQB,J22 7HI,U4 4ZY,6563718
1173,802543,2016-06-07,L,D1,N4,U4,PR4,2017-12-29,X1,ALLEG,X15 9UM,L26 4UA,5834114
1174,802543,2017-12-29,P,D1,N4,U3,PR1,,X1,CREQO,A25 2ZE,D16 4NI,4494392
1175,71212,2017-09-07,S,V4,N4,U4,PR1,2018-03-07,X1,LAREQ,N15 9EM,L10 7IZ,7519862
1176,71212,2018-03-07,P,V4,N4,U4,PR1,,X1,APPRR,X11 4RS,M4 4LW,3648869
1177,612940,2015-10-19,P,L3,N7,U3,PR1,2017-07-17,X1,,W28 1TN,B27 9UV,1040343
1178,612940,2017-07-17,T,L3,N7,U3,PR1,2017-10-17,E7,,W28 1TN,B27 9UV,1040343
1179,612940,2017-09-08,S,V3,N5,U5,PR1,,X1,,K23 3KW,N4 8HO,6694624
1181,717687,2018-02-09,S,E1,N1,P1,PR0,,X1,CUSTOD,L14 8CX,F9 7CJ,7656744
1182,635964,2016-12-23,P,L2,N3,U4,PR1,2017-10-11,X1,APPRR,C3 6VQ,V8 3ER,5986469
1183,635964,2017-10-11,P,L2,N3,K2,PR4,2017-10-22,X1,CLOSE,W22 5BK,Q15 4UV,7494768
1184,635964,2017-10-22,P,L2,N3,U4,PR1,,X1,PLACE,V18 2PW,T11 7DP,3785692
1185,21038,2017-12-05,S,J1,N8,U5,PR1,2017-12-10,X1,,V25 3OL,I13 2DW,8304696
1186,21038,2017-12-10,T,J1,N8,U5,PR1,,E8,,V25 3OL,I13 2DW,8304696
1187,384546,2016-06-05,P,J2,N7,U5,PR1,2017-12-18,E11,,B11 1ZQ,H25 1SS,1163698
1188,815720,2016-12-26,P,L1,N7,U3,PR1,2017-11-11,X1,PLACE,Q3 1MT,F19 2PO,3193886
1189,815720,2017-11-11,P,L1,N7,U4,PR1,2018-02-08,X1,,U13 6HJ,U16 1HG,8949861
1190,815720,2018-02-08,L,V2,N7,U4,PR1,,X1,OTHER,U13 6HJ,U16 1HG,8949861
1191,133330,2016-11-11,P,J2,N8,U4,PR4,2017-07-04,X1,CARPL,P9 2SI,L15 1GE,9866362
1192,133330,2017-07-04,P,J2,N8,U5,PR1,2018-02-28,X1,STAND,S10 1BU,M19 3PK,7726262
1193,133330,2018-02-28,P,J2,N8,P1,PR0,,X1,OTHER,M11 3VM,X29 6XT,5827221
1194,688239,2017-08-31,S,D1,N6,K2,PR4,,X1,LAREQ,S27 6SG,J25 9WB,9610047
1195,859568,2016-08-31,P,L3,N5,U4,PR1,2017-04-23,X1,PLACE,O23 4OY,C13 4BV,8078336
1196,859568,2017-04-23,P,L3,N5,U2,PR1,2017-10-06,X1,CLOSE,N18 7ZY,R8 4BE,3362266
1197,859568,2017-10-06,P,L3,N5,A4,PR4,,E48,,V12 9XI,I22 3AU,2793965
1198,894785,2016-09-14,L,C1,N8,K2,PR4,2017-10-20,X1,PLACE,V6 8AV,X23 9UA,8526585
1199,894785,2017-10-20,P,C1,N8,U1,PR1,2017-11-29,X1,CUSTOD,N28 5EV,Q22 9AC,2320668
1200,894785,2017-11-29,P,C1,N8,U5,PR1,,X1,,M7 9KO,H20 2BR,7614395
1201,645812,2017-02-07,P,E1,N3,U5,PR4,2017-06-28,X1,,T29 4IQ,C1 6OK,4737672
1202,645812,2017-06-28,T,E1,N3,U5,PR4,,X1,,T29 4IQ,C1 6OK,4737672
1203,645812,2017-03-10,S,J3,N2,U5,PR1,2018-01-02,E5,,N14 8VK,X12 8CW,2910024
1204,55690,2017-04-05,S,L1,N1,U5,PR1,2017-07-13,X1,CLOSE,T3 2XH,Y3 6KF,7776452
1205,55690,2017-07-13,P,L1,N1,U5,PR4,2017-09-09,E45,,W15 1IS,A1 6VV,6008753
1206,981762,2017-01-30,P,E1,N8,U3,PR1,2017-12-24,X1,,C30 1BH,J14 3KW,7530842
1207,981762,2017-12-24,L,V2,N8,U3,PR1,2018-03-06,E14,,C30 1BH,J14 3KW,7530842
1208,116392,2016-11-19,P,J3,N2,U4,PR4,2017-08-11,E4B,,A12 4RZ,D9 9HB,9814264
1209,276172,2017-06-20,S,V2,N6,H5,PR4,2018-02-21,X1,,D9 8SK,R9 4KS,8002963
1210,276172,2018-02-21,T,V2,N6,H5,PR4,2018-02-22,E46,,D9 8SK,R9 4KS,8002963
1211,115254,2015-11-20,L,J1,N4,U5,PR4,2017-06-13,X1,,A27 7PX,I29 5NM,5189113
1212,115254,2017-06-13,L,C1,N4,U5,PR4,2017-08-23,X1,,A27 7PX,I29 5NM,5189113
1213,115254,2017-08-23,T,C1,N4,U5,PR4,,E45,,A27 7PX,I29 5NM,5189113
1217,413831,2016-12-11,S,V2,N1,K2,PR4,2017-08-28,X1,STAND,X15 4VW,Q5 1ZI,7167028
1218,413831,2017-08-28,P,V2,N1,U4,PR1,,X1,APPRR,Q16 5WE,I29 9CX,8935425
1219,869871,2017-03-20,S,C1,N5,S1,PR4,2018-01-04,E47,,Q12 9RR,I8 3FI,9105487
1220,598618,2016-11-12,P,V4,N3,U5,PR1,2017-08-25,X1,,T29 7LI,B6 8OH,5868693
1221,598618,2017-08-25,L,L1,N3,U5,PR1,2017-10-28,E46,,T29 7LI,B6 8OH,5868693
1222,826987,2017-06-06,S,V4,N6,H5,PR4,2017-06-21,X1,CUSTOD,W7 3CW,G22 6SE,3229322
1223,826987,2017-06-21,P,V4,N6,P2,PR1,2017-11-06,X1,PLACE,W25 6FD,L30 6FX,3544191
1224,826987,2017-11-06,P,V4,N6,H5,PR4,2018-01-23,E47,,U29 3WK,E14 3JH,3519814
1225,238852,2017-06-20,S,V4,N6,U5,PR1,2017-08-15,X1,,E16 6VE,C21 2WL,8599014
1226,238852,2017-08-15,L,V3,N6,U5,PR1,2017-09-08,X1,OTHER,E16 6VE,C21 2WL,8599014
1227,238852,2017-09-08,P,V3,N6,U3,PR1,,X1,STAND,Z25 7LG,Q20 9EU,5093782
1228,983227,2015-06-30,P,C2,N6,K2,PR4,2017-05-21,X1,CUSTOD,P5 9CZ,N14 1YA,1045860
1229,983227,2017-05-21,P,C2,N6,K2,PR4,2017-12-13,X1,,N6 6IX,N23 9VW,5201089
1230,983227,2017-12-13,L,V3,N6,K2,PR4,,E15,,N6 6IX,N23 9VW,5201089
1231,476742,2015-10-13,P,E1,N2,U5,PR1,2017-04-18,E15,,P16 2NN,L1 9GV,3794788
1232,316873,2015-04-18,S,C2,N1,U5,PR4,2017-07-27,E15,,F9 2TQ,Y13 6YR,8669917
1233,958973,2017-06-11,S,L2,N1,U4,PR4,2017-11-22,E13,,L30 7TS,F26 3DT,2277354
1234,414394,2016-07-28,P,V3,N3,H5,PR1,2017-06-27,E4A,,W30 6ZK,R19 2BU,2634485
1235,230497,2017-10-19,S,E1,N8,K2,PR4,,E6,,V4 2IM,Y7 9BZ,1321649
1236,836390,2017-12-26,S,J3,N7,U5,PR4,2018-01-30,X1,STAND,U9 3SZ,I12 9HB,4910756
1237,836390,2018-01-30,P,J3,N7,U1,PR1,,X1,CHILD,I7 9WB,R29 3RT,4190453
1238,694321,2016-10-18,S,D1,N6,K2,PR4,2017-05-02,E3,,W26 5YK,C9 8QB,9426331
1239,285207,2017-03-27,L,V2,N8,U5,PR4,2017-08-23,X1,CHILD,K14 8BB,U20 9GM,4748126
1240,285207,2017-08-23,P,V2,N8,P1,PR0,,X1,CLOSE,K20 1GO,F28 9AF,3227822
1241,567517,2016-09-25,S,J1,N2,U4,PR4,2017-11-10,X1,LAREQ,V18 5UI,V7 6LD,1245363
1242,567517,2017-11-10,B,V2,N2,U5,PR1,,X1,,N4 3PC,Z26 9OF,1215331
1243,343472,2017-01-07,L,V2,N7,U5,PR4,2018-01-19,E2,,Z5 2TU,X26 3FM,5442055
1244,650517,2017-11-03,S,J2,N6,U5,PR1,,E11,,I27 9ND,J3 6PJ,3877765
1245,116483,2017-08-17,S,D1,N2,U4,PR4,2017-09-02,X1,,V25 1UU,J26 2RD,1835091
1246,116483,2017-09-02,T,D1,N2,U4,PR4,2018-01-08,X1,,V25 1UU,J26 2RD,1835091
1247,116483,2018-01-08,L,J1,N2,U4,PR4,2018-02-01,E11,,V25 1UU,J26 2RD,1835091
1248,86668,2016-11-14,S,L2,N6,U5,PR1,2017-06-24,X1,CLOSE,X3 5VY,H20 1LL,4975651
1249,86668,2017-06-24,P,L2,N6,U5,PR4,2017-07-26,X1,STAND,V15 4HP,U24 4ZS,6813386
1250,86668,2017-07-26,P,L2,N6,S1,PR4,,X1,LAREQ,I26 2JM,Y3 2TQ,4693796
1251,54625,2016-11-29,P,C2,N8,H5,PR4,2017-05-17,X1,,F30 2UC,V18 6AP,4535582
1252,54625,2017-05-17,L,V2,N8,H5,PR4,2017-05-20,E47,,F30 2UC,V18 6AP,4535582
1253,515563,2016-06-22,P,L3,N1,H5,PR4,2017-08-16,X1,CLOSE,D16 5RL,L12 4YE,9086818
1254,515563,2017-08-16,P,L3,N1,H5,PR4,2018-01-12,X1,CARPL,I30 2YN,A30 9OU,7699133
1255,515563,2018-01-12,P,L3,N1,U4,PR4,2018-02-05,E47,,N10 7JU,B3 9UL,2879249
1256,468377,2018-03-30,S,L3,N2,K2,PR4,,X1,CREQB,U23 9ZJ,C2 2AQ,8328079
1257,628941,2017-02-08,S,V4,N6,U4,PR4,2018-03-06,X1,CLOSE,U11 3GB,I27 9HD,9384072
1258,628941,2018-03-06,P,V4,N6,U3,PR1,,E7,,X24 4OW,Y28 8MJ,3305190
1259,499660,2016-03-21,S,C1,N2,U4,PR4,2017-07-29,E7,,S15 9QV,T26 9WG,1661372
1260,369699,2017-03-03,P,V3,N2,U2,PR1,2017-10-24,X1,CREQB,W23 6YQ,U13 7WH,2210535
1261,369699,2017-10-24,P,V3,N2,U4,PR1,2018-03-29,X1,,S11 6JD,I21 4SW,1177869
1262,369699,2018-03-29,L,L2,N2,U4,PR1,,X1,,S11 6JD,I21 4SW,1177869
1263,667283,2016-12-07,P,E1,N6,P2,PR4,2017-11-29,E14,,I14 1WM,G7 6XN,3505224
1264,369488,2015-02-08,L,V4,N4,U5,PR4,2017-11-28,X1,,I5 3LU,U7 5AM,6942846
1265,369488,2017-11-28,L,C1,N4,U5,PR4,,X1,LAREQ,I5 3LU,U7 5AM,6942846
1266,12539,2017-02-15,P,V3,N6,P2,PR1,2017-10-29,X1,PLACE,D14 9BR,R13 4NK,2132185
1267,12539,2017-10-29,P,V3,N6,U5,PR1,2018-01-07,X1,,T14 4YP,R23 8PI,9406444
1268,12539,2018-01-07,L,D1,N6,U5,PR1,,E2,,T14 4YP,R23 8PI,9406444
1273,994285,2017-03-08,S,C1,N8,K2,PR4,2018-02-06,X1,OTHER,H4 1KZ,I17 9QM,2963807
1274,994285,2018-02-06,P,C1,N8,U5,PR1,,X1,ALLEG,T12 8ZK,F12 7PU,4201568
1275,582281,2017-09-11,S,E1,N2,H5,PR4,2017-09-20,X1,CHILD,U7 6AN,G16 1UG,9447247
1276,582281,2017-09-20,P,E1,N2,H5,PR1,,E4A,,H6 4CR,O29 3SD,6500888
1277,372509,2017-02-18,S,L1,N6,U5,PR4,2017-08-07,X1,CLOSE,K18 8NI,F18 5OB,7091382
1278,372509,2017-08-07,P,L1,N6,U4,PR1,2018-02-05,X1,LAREQ,M4 8RC,Q2 7YH,4672418
1279,372509,2018-02-05,P,L1,N6,U4,PR4,,X1,ALLEG,A22 8RG,F17 4TX,5652215
1280,73205,2016-12-07,P,C2,N8,U4,PR1,2017-04-17,X1,,M24 6LE,O15 2YL,5894700
1281,73205,2017-04-17,L,L1,N8,U4,PR1,2018-02-11,E2,,M24 6LE,O15 2YL,5894700
1282,84450,2016-04-18,P,V2,N8,U5,PR1,2017-10-18,X1,CREQO,K14 7GL,C16 2PB,5712879
1283,84450,2017-10-18,P,V2,N8,A3,PR1,,X1,,I12 1IG,H22 7KH,7444938
1286,163267,2017-03-24,P,C1,N6,U5,PR1,2017-08-26,X1,LAREQ,P17 7HS,J1 1BN,1282314
1287,163267,2017-08-26,P,C1,N6,U2,PR1,,X1,CUSTOD,C30 7UC,Z14 2KC,6928781
1290,186596,2016-09-11,P,C2,N6,U5,PR4,2017-09-15,X1,,B25 1VD,R9 6SY,7020946
1291,186596,2017-09-15,L,L3,N6,U5,PR4,,X1,,B25 1VD,R9 6SY,7020946
1295,245022,2015-09-18,L,E1,N7,U4,PR4,2017-05-04,X1,,P17 8UP,P26 5TI,1195838
1296,245022,2017-05-04,L,V3,N7,U4,PR4,2017-12-20,X1,ALLEG,P17 8UP,P26 5TI,1195838
1297,245022,2017-12-20,P,V3,N7,U4,PR1,,X1,OTHER,F16 7OK,N15 9ZZ,1925549
1298,389737,2018-03-20,S,V2,N8,U5,PR1,,X1,CREQO,C24 3YP,K30 5YB,3177102
1300,671612,2016-12-13,P,J3,N5,U5,PR4,2017-05-14,X1,OTHER,D10 1AK,C11 1RN,4624355
1301,671612,2017-05-14,P,J3,N5,U5,PR1,,E6,,K7 7JR,C16 8HF,6607675
1302,442704,2017-09-23,S,V3,N4,U5,PR4,2017-12-08,X1,CHILD,I8 8HX,K30 7HB,1898039
1303,442704,2017-12-08,P,V3,N4,U4,PR1,,X1,,W13 1LH,K19 6OM,8128759
1304,91132,2016-07-14,L,J3,N8,P1,PR0,2017-06-29,E9,,T16 2AP,V6 1WO,8580018
1305,94030,2016-02-01,B,L2,N3,H5,PR4,2017-11-01,X1,CHILD,G21 5UB,H16 9FF,8540724
1306,94030,2017-11-01,P,L2,N3,A4,PR1,2017-12-02,E47,,E22 3FM,Z9 4BG,8251394
1307,739118,2017-03-05,L,V3,N7,U2,PR1,2017-04-24,X1,LAREQ,L1 5QL,F11 9JM,4979734
1308,739118,2017-04-24,P,V3,N7,U5,PR4,2017-10-09,X1,APPRR,C3 3EP,O29 4PE,8717187
1309,739118,2017-10-09,P,V3,N7,K2,PR4,,E12,,P11 1JJ,W29 6RG,9805686
1310,958808,2016-06-11,T,J2,N7,U5,PR1,2017-09-13,X1,LAREQ,H7 1RL,U3 6EG,3848365
1311,958808,2017-09-13,P,J2,N7,P1,PR0,2018-01-11,X1,CREQB,E27 3QJ,U1 6NR,2928085
1312,958808,2018-01-11,P,J2,N7,P1,PR0,,X1,LAREQ,D7 3TM,A6 7LC,2701170
1313,86704,2016-03-11,P,L2,N4,U5,PR4,2017-11-17,X1,,I12 1AR,N18 9JC,7145738
1314,86704,2017-11-17,L,V4,N4,U5,PR4,2017-12-17,E2,,I12 1AR,N18 9JC,7145738
1315,176514,2016-08-01,L,D1,N1,U6,PR1,2018-03-17,E9,,O27 8TO,U23 2WU,6897974
1316,954202,2015-05-25,P,J2,N1,U5,PR4,2017-06-26,X1,,K11 6TG,U1 7FH,1529031
1317,954202,2017-06-26,T,J2,N1,U5,PR4,,X1,,K11 6TG,U1 7FH,1529031
1318,221218,2017-11-19,S,L1,N1,U4,PR1,,X1,,C4 6PD,C14 3HH,1255948
1319,990787,2016-11-13,P,E1,N8,U4,PR4,2017-05-19,X1,,L9 4GX,N3 1PL,8046935
1320,990787,2017-05-19,T,E1,N8,U4,PR4,2018-02-10,X1,,L9 4GX,N3 1PL,8046935
1321,990787,2018-02-10,L,D1,N8,U4,PR4,2018-03-27,X1,CLOSE,L9 4GX,N3 1PL,8046935
1322,990787,2018-03-27,P,D1,N8,U5,PR4,,X1,CREQB,D19 6SY,W29 2ZD,2948243
1323,979155,2016-06-27,S,J3,N4,U2,PR1,2017-04-18,X1,,J16 5CH,H19 8YE,7782546
1324,979155,2017-04-18,L,J1,N4,U2,PR1,2017-09-24,X1,CARPL,J16 5CH,H19 8YE,7782546
1325,979155,2017-09-24,P,J1,N4,K2,PR4,2017-10-01,E12,,S8 2OT,T5 5TU,5908285
1326,979155,2016-08-22,S,V2,N3,U4,PR4,2017-07-16,X1,,H11 3DJ,F15 8ZJ,2581289
1327,979155,2017-07-16,T,V2,N3,U4,PR4,2017-09-02,X1,,H11 3DJ,F15 8ZJ,2581289
1328,979155,2017-09-02,T,V2,N3,U4,PR4,2017-10-07,X1,,H11 3DJ,F15 8ZJ,2581289
1329,979155,2017-10-07,T,V2,N3,U4,PR4,,X1,,H11 3DJ,F15 8ZJ,2581289
1330,447690,2017-10-15,S,C2,N4,U4,PR4,,X1,CREQB,G13 3UY,K10 7OS,7445354
1331,571830,2017-04-08,S,D1,N8,P1,PR0,2017-09-09,X1,LAREQ,A1 1VB,E20 8LQ,1253319
1332,571830,2017-09-09,P,D1,N8,P1,PR0,,X1,STAND,L22 5WI,B9 7PH,1991457
1333,34663,2017-02-11,P,V4,N8,P2,PR4,2017-05-21,E2,,K5 3YE,L17 5NM,7632088
1334,287890,2016-04-01,P,J2,N3,U5,PR4,2017-10-30,X1,CREQO,E28 3ZN,R29 7ZT,4109453
1335,287890,2017-10-30,P,J2,N3,K2,PR1,,E8,,Q26 5QH,X20 8ML,1517092
1340,679022,2017-08-22,S,D1,N1,U5,PR4,2017-11-29,X1,LAREQ,L4 8ZU,Y26 8IY,2502795
1341,679022,2017-11-29,P,D1,N1,U5,PR1,,X1,CREQO,Z1 2YY,T4 5AZ,3361868
1342,67832,2017-06-27,S,J3,N2,U1,PR1,2018-01-11,E16,,J28 9TN,J11 2VN,9150814
1343,266915,2016-12-11,P,C2,N5,P1,PR0,2017-11-30,X1,,R9 8AO,A18 5YV,7427985
1344,266915,2017-11-30,L,J3,N5,P1,PR0,2018-01-04,E12,,R9 8AO,A18 5YV,7427985
1345,343805,2016-10-29,P,V4,N5,U4,PR4,2017-05-15,X1,,O6 9DS,Q29 4BB,6464161
1346,343805,2017-05-15,L,V4,N5,U4,PR4,2017-08-03,E45,,O6 9DS,Q29 4BB,6464161
1347,756853,2016-12-15,L,L1,N5,K2,PR4,2017-11-05,X1,,I6 9VY,C9 8NX,1268322
1348,756853,2017-11-05,U,J1,N5,K2,PR4,,X1,CARPL,I6 9VY,C9 8NX,1268322
1349,159388,2017-02-19,B,L2,N7,K2,PR4,2018-01-15,X1,APPRR,E25 1KS,X26 6XU,3322350
1350,159388,2018-01-15,P,L2,N7,U4,PR1,2018-01-24,X1,STAND,G21 5QM,B15 2RA,9044161
1351,159388,2018-01-24,P,L2,N7,K2,PR1,,X1,,C18 2LG,M7 6TY,6802035
1352,782906,2016-12-05,P,J2,N7,P2,PR4,2017-10-14,X1,PLACE,W9 6VW,H12 3ZN,5660246
1353,782906,2017-10-14,P,J2,N7,P1,PR0,,X1,,W14 5KE,W20 3JX,1947101
1354,266650,2016-01-18,P,L2,N5,U4,PR4,2017-10-10,X1,CUSTOD,U1 1LT,E23 6MS,8412738
1355,266650,2017-10-10,P,L2,N5,K2,PR4,,X1,CHILD,E4 9PC,N15 3FE,6917488
1356,339147,2017-12-10,S,V2,N2,U5,PR1,2017-12-20,X1,,I23 5DU,R1 5LF,6914595
1357,339147,2017-12-20,L,J2,N2,U5,PR1,,X1,CHILD,I23 5DU,R1 5LF,6914595
1358,604407,2015-06-22,P,J2,N1,U5,PR1,2017-05-01,X1,STAND,Q4 8IW,O3 7AF,7540510
1359,604407,2017-05-01,P,J2,N1,U3,PR1,2017-05-16,X1,LAREQ,N4 8WZ,A20 8MM,3183785
1360,604407,2017-05-16,P,J2,N1,U4,PR1,2017-08-18,X1,,I21 8KP,V25 2DL,4971937
1361,604407,2017-08-18,L,V4,N1,U4,PR1,2017-10-02,X1,,I21 8KP,V25 2DL,4971937
1362,604407,2017-10-02,T,V4,N1,U4,PR1,,X1,STAND,I21 8KP,V25 2DL,4971937
1363,334240,2016-06-25,P,C1,N2,U5,PR4,2017-06-22,X1,,O8 2VS,E7 7FE,8628005
1364,334240,2017-06-22,T,C1,N2,U5,PR4,2017-12-30,E48,,O8 2VS,E7 7FE,8628005
1365,147816,2017-12-30,S,C1,N4,H5,PR4,,X1,CARPL,C13 9DE,Y6 1NF,2920638
1366,276079,2017-08-08,S,L1,N1,U4,PR1,,E48,,G9 6UF,P23 3GP,3474612
1367,95496,2016-12-23,T,V4,N1,K2,PR1,2017-04-07,X1,,J29 5EH,O23 4TR,2408883
1368,95496,2017-04-07,L,J3,N1,K2,PR1,2017-07-06,E4A,,J29 5EH,O23 4TR,2408883
1371,208084,2017-03-29,P,J1,N5,P2,PR4,2017-06-20,E2,,Z11 5QB,V24 1XB,3094881
1376,87322,2017-01-10,P,L3,N6,U4,PR4,2017-06-25,X1,ALLEG,H8 2RZ,D20 5DZ,9192414
1377,87322,2017-06-25,P,L3,N6,U1,PR1,2017-10-31,X1,,L26 7ME,N22 6PL,3308325
1378,87322,2017-10-31,L,L2,N6,U1,PR1,2018-01-04,X1,STAND,L26 7ME,N22 6PL,3308325
1379,87322,2018-01-04,P,L2,N6,R2,PR3,2018-03-22,X1,,V27 4HS,P3 3LP,3939799
1380,87322,2018-03-22,T,L2,N6,R2,PR3,,X1,ALLEG,V27 4HS,P3 3LP,3939799
1381,234842,2016-04-10,S,C2,N8,U4,PR4,2017-08-26,X1,,P21 5RQ,D6 3ZW,6597961
1382,234842,2017-08-26,T,C2,N8,U4,PR4,2017-11-14,X1,STAND,P21 5RQ,D6 3ZW,6597961
1383,234842,2017-11-14,P,C2,N8,K2,PR4,2017-12-05,E11,,L10 3EE,H24 8HC,1083412
1384,496063,2015-06-10,P,V2,N7,U4,PR4,2017-09-25,X1,CLOSE,N14 4XX,P25 1EX,9447116
1385,496063,2017-09-25,P,V2,N7,K2,PR4,2017-12-30,X1,,T7 1AD,B29 2CX,4994886
1386,496063,2017-12-30,L,C2,N7,K2,PR4,2018-02-13,X1,PLACE,T7 1AD,B29 2CX,4994886
1387,496063,2018-02-13,P,C2,N7,U4,PR4,,X1,,N29 2TP,E10 8OV,6156750
1388,633285,2017-02-18,L,V2,N6,U5,PR1,2017-06-03,X1,,D8 1ZZ,J20 4VQ,4032474
1389,633285,2017-06-03,L,V2,N6,U5,PR1,2018-03-17,X1,CARPL,D8 1ZZ,J20 4VQ,4032474
1390,633285,2018-03-17,P,V2,N6,U5,PR1,,X1,STAND,L17 1HY,Q10 5UC,3055238
1391,814087,2016-09-10,S,C2,N8,P1,PR0,2017-10-11,X1,,Y4 2QL,J1 3JB,9972632
1392,814087,2017-10-11,L,L3,N8,P1,PR0,,X1,CARPL,Y4 2QL,J1 3JB,9972632
1393,16960,2017-03-09,L,V3,N6,U4,PR4,2017-11-29,X1,LAREQ,W30 9FJ,I5 3NH,9240122
1394,16960,2017-11-29,P,V3,N6,U5,PR4,2017-12-11,X1,PLACE,N2 9YM,S11 4XW,5110524
1395,16960,2017-12-11,P,V3,N6,U4,PR4,,X1,,W16 9PI,R17 3MJ,1673028
1396,323056,2016-03-26,P,L1,N8,U5,PR1,2017-08-06,E45,,V14 6AX,N11 9NC,9606740
1397,297403,2016-02-17,P,C1,N5,U4,PR1,2017-08-21,X1,,I22 8SO,W30 1FP,4197220
1398,297403,2017-08-21,T,C1,N5,U4,PR1,,X1,CARPL,I22 8SO,W30 1FP,4197220
1399,309655,2016-10-26,P,L3,N1,U5,PR1,2017-07-14,X1,,N25 4FK,R6 5CI,2043420
1400,309655,2017-07-14,L,V3,N1,U5,PR1,,E41,,N25 4FK,R6 5CI,2043420
1401,309655,2017-12-14,S,L2,N4,U4,PR1,2017-12-28,X1,,S1 1MK,H9 8MW,1579096
1402,309655,2017-12-28,L,J1,N4,U4,PR1,,X1,CARPL,S1 1MK,H9 8MW,1579096
1403,661349,2016-07-07,P,J3,N6,U5,PR1,2017-05-19,E8,,Z28 6TZ,I16 5TV,1342715
1404,636479,2016-06-27,P,C1,N6,U5,PR4,2017-08-01,E15,,C28 9PX,W20 9ZB,7452446
1405,636479,2017-09-29,S,L2,N5,U5,PR1,2018-01-03,X1,CUSTOD,W7 5AA,E19 8XY,2882051
1406,636479,2018-01-03,P,L2,N5,U5,PR1,,X1,CUSTOD,C6 7SG,K1 7HW,4704031
1407,360252,2017-02-23,S,D1,N7,U4,PR4,2017-05-14,X1,APPRR,N3 9CE,C22 3PN,7224093
1408,360252,2017-05-14,P,D1,N7,P1,PR0,2017-06-16,E8,,M6 2ZO,T21 3HK,5263973
1409,166761,2017-05-01,S,V4,N4,U5,PR4,2017-06-11,X1,CREQO,J27 5JH,P7 9RB,2444392
1410,166761,2017-06-11,P,V4,N4,U5,PR1,,E6,,L16 6CA,M23 1TL,4079393
1416,571007,2016-08-13,P,V4,N4,U5,PR1,2017-10-18,X1,CARPL,T20 2UG,J20 6HN,7598220
1417,571007,2017-10-18,P,V4,N4,U2,PR1,2017-12-22,X1,LAREQ,Y30 8WI,R2 9VW,4241981
1418,571007,2017-12-22,P,V4,N4,U4,PR4,2018-02-04,X1,CREQO,Z20 8FP,U23 9CY,1554576
1419,571007,2018-02-04,B,V4,N4,U4,PR1,,X1,,J1 7CT,L4 8WA,9514349
1420,869102,2017-04-23,S,J1,N7,U4,PR4,,X1,ALLEG,D24 5ZP,Q24 9FC,3059321
1421,988280,2017-08-11,S,L1,N8,U4,PR4,,X1,,S9 8QZ,O6 8IU,5543231
1422,790932,2017-07-08,S,V4,N5,A6,PR1,2017-09-16,X1,LAREQ,G19 2GR,D28 6RW,7200400
1423,790932,2017-09-16,P,V4,N5,U1,PR1,,X1,STAND,K21 3OP,L27 7CL,4262457
1424,247698,2016-08-24,P,L3,N5,U5,PR1,2017-04-19,X1,,Z25 9IV,O14 1VI,1434116
1425,247698,2017-04-19,T,L3,N5,U5,PR1,2017-05-26,X1,PLACE,Z25 9IV,O14 1VI,1434116
1426,247698,2017-05-26,P,L3,N5,U5,PR1,2018-03-19,X1,CLOSE,V26 7HG,R5 7ES,8951474
1427,247698,2018-03-19,P,L3,N5,P1,PR0,,X1,LAREQ,G21 7DY,F14 1CR,1635736
1428,853700,2016-02-07,P,V3,N5,U5,PR4,2017-07-03,X1,,I16 4ZD,I8 3OA,1085455
1429,853700,2017-07-03,L,C2,N5,U5,PR4,2017-10-14,X1,CARPL,I16 4ZD,I8 3OA,1085455
1430,853700,2017-10-14,P,C2,N5,U4,PR4,,E4A,,F2 5IW,U24 9PN,9825376
1435,865383,2016-09-25,P,V3,N3,U4,PR4,2018-01-26,X1,CARPL,O28 9CK,I9 8FL,4467079
1436,865383,2018-01-26,P,V3,N3,U4,PR4,2018-03-10,X1,CLOSE,R26 8IQ,F9 2BH,6137381
1437,865383,2018-03-10,P,V3,N3,A3,PR1,2018-03-11,E5,,M2 8ZO,X2 1PO,7631997
1439,117430,2017-01-25,P,E1,N5,K2,PR4,2017-08-17,X1,PLACE,K18 2ZI,C5 9BJ,7266764
1440,117430,2017-08-17,P,E1,N5,K1,PR4,2018-03-03,X1,PLACE,L12 4ZO,M20 3EX,7274741
1441,117430,2018-03-03,P,E1,N5,U4,PR4,,E8,,Y3 9UK,X7 5TP,4401353
1442,88024,2017-09-25,S,L3,N4,K2,PR1,2017-10-15,X1,CREQO,E19 7DU,B28 4OV,4153018
1443,88024,2017-10-15,P,L3,N4,K2,PR1,2017-10-17,X1,CREQB,K24 7GQ,H15 8TP,8501441
1444,88024,2017-10-17,P,L3,N4,U5,PR1,2017-12-08,X1,,K29 5AC,Q18 8VJ,5868530
1445,88024,2017-12-08,L,C1,N4,U5,PR1,,X1,CREQB,K29 5AC,Q18 8VJ,5868530
1446,827864,2016-06-10,P,J3,N5,U4,PR1,2017-11-26,X1,APPRR,U12 6LN,Y7 3WR,5800715
1447,827864,2017-11-26,P,J3,N5,P1,PR0,2018-03-05,X1,LAREQ,P28 2AF,K24 2DG,8759975
1448,827864,2018-03-05,P,J3,N5,P1,PR0,,X1,,Z3 6TB,X26 2QV,9958729
1449,569582,2016-09-03,L,V4,N6,U4,PR1,2018-03-26,X1,PLACE,A9 5BD,Y12 7KT,9509259
1450,569582,2018-03-26,P,V4,N6,P1,PR0,,X1,,A20 1IJ,E4 1JZ,4114178
1451,440902,2017-03-22,P,J1,N1,U5,PR4,2017-07-23,E48,,Y16 7IZ,B19 9QM,3345902
1452,820261,2017-03-06,S,L2,N1,U4,PR4,2017-05-14,X1,CHILD,V6 7AY,G22 4WQ,7924147
1453,820261,2017-05-14,P,L2,N1,S1,PR4,2017-11-10,X1,CREQO,X5 1XG,P3 1MF,8658096
1454,820261,2017-11-10,P,L2,N1,H5,PR4,2018-01-21,X1,STAND,U4 3GA,M6 3IC,1899999
1455,820261,2018-01-21,P,L2,N1,A4,PR4,,E12,,O15 2BN,E16 7VL,3024869
1456,548319,2017-01-03,S,V4,N3,U4,PR4,2017-07-27,X1,,Q7 1AU,N23 9RM,7204315
1457,548319,2017-07-27,L,V2,N3,U4,PR4,2017-08-01,X1,LAREQ,Q7 1AU,N23 9RM,7204315
1458,548319,2017-08-01,P,V2,N3,U2,PR1,2017-09-30,X1,CARPL,D6 2SV,J12 3SO,2269245
1459,548319,2017-09-30,P,V2,N3,U2,PR1,,E47,,K1 7DA,O6 2KI,7325219
